cbsa_code,cbsa_title,county_name,state_name,state_fips,county_fips,central_outlying
10180,"Abilene, TX",Callahan County,Texas,48,059,Outlying
10180,"Abilene, TX",Jones County,Texas,48,253,Outlying
10180,"Abilene, TX",Taylor County,Texas,48,441,Central
10380,"Aguadilla, PR",Aguada Municipio,Puerto Rico,72,003,Central
10380,"Aguadilla, PR",Aguadilla Municipio,Puerto Rico,72,005,Central
10380,"Aguadilla, PR",Añasco Municipio,Puerto Rico,72,011,Central
10380,"Aguadilla, PR",Isabela Municipio,Puerto Rico,72,071,Central
10380,"Aguadilla, PR",Moca Municipio,Puerto Rico,72,099,Central
10380,"Aguadilla, PR",Rincón Municipio,Puerto Rico,72,117,Central
10380,"Aguadilla, PR",San Sebastián Municipio,Puerto Rico,72,131,Central
10420,"Akron, OH",Portage County,Ohio,39,133,Central
10420,"Akron, OH",Summit County,Ohio,39,153,Central
10500,"Albany, GA",Dougherty County,Georgia,13,095,Central
10500,"Albany, GA",Lee County,Georgia,13,177,Central
10500,"Albany, GA",Terrell County,Georgia,13,273,Outlying
10500,"Albany, GA",Worth County,Georgia,13,321,Outlying
10540,"Albany, OR",Linn County,Oregon,41,043,Central
10580,"Albany-Schenectady-Troy, NY",Albany County,New York,36,001,Central
10580,"Albany-Schenectady-Troy, NY",Rensselaer County,New York,36,083,Central
10580,"Albany-Schenectady-Troy, NY",Saratoga County,New York,36,091,Outlying
10580,"Albany-Schenectady-Troy, NY",Schenectady County,New York,36,093,Central
10580,"Albany-Schenectady-Troy, NY",Schoharie County,New York,36,095,Outlying
10740,"Albuquerque, NM",Bernalillo County,New Mexico,35,001,Central
10740,"Albuquerque, NM",Sandoval County,New Mexico,35,043,Central
10740,"Albuquerque, NM",Torrance County,New Mexico,35,057,Outlying
10740,"Albuquerque, NM",Valencia County,New Mexico,35,061,Outlying
10780,"Alexandria, LA",Grant Parish,Louisiana,22,043,Outlying
10780,"Alexandria, LA",Rapides Parish,Louisiana,22,079,Central
10900,"Allentown-Bethlehem-Easton, PA-NJ",Warren County,New Jersey,34,041,Central
10900,"Allentown-Bethlehem-Easton, PA-NJ",Carbon County,Pennsylvania,42,025,Outlying
10900,"Allentown-Bethlehem-Easton, PA-NJ",Lehigh County,Pennsylvania,42,077,Central
10900,"Allentown-Bethlehem-Easton, PA-NJ",Northampton County,Pennsylvania,42,095,Central
11020,"Altoona, PA",Blair County,Pennsylvania,42,013,Central
11100,"Amarillo, TX",Armstrong County,Texas,48,011,Outlying
11100,"Amarillo, TX",Carson County,Texas,48,065,Outlying
11100,"Amarillo, TX",Oldham County,Texas,48,359,Outlying
11100,"Amarillo, TX",Potter County,Texas,48,375,Central
11100,"Amarillo, TX",Randall County,Texas,48,381,Central
11180,"Ames, IA",Boone County,Iowa,19,015,Outlying
11180,"Ames, IA",Story County,Iowa,19,169,Central
11200,"Amherst Town-Northampton, MA",Hampshire County,Massachusetts,25,015,Central
11260,"Anchorage, AK",Anchorage Municipality,Alaska,02,020,Central
11260,"Anchorage, AK",Matanuska-Susitna Borough,Alaska,02,170,Outlying
11460,"Ann Arbor, MI",Washtenaw County,Michigan,26,161,Central
11500,"Anniston-Oxford, AL",Calhoun County,Alabama,01,015,Central
11540,"Appleton, WI",Calumet County,Wisconsin,55,015,Central
11540,"Appleton, WI",Outagamie County,Wisconsin,55,087,Central
11640,"Arecibo, PR",Arecibo Municipio,Puerto Rico,72,013,Central
11640,"Arecibo, PR",Camuy Municipio,Puerto Rico,72,027,Central
11640,"Arecibo, PR",Hatillo Municipio,Puerto Rico,72,065,Central
11640,"Arecibo, PR",Quebradillas Municipio,Puerto Rico,72,115,Central
11700,"Asheville, NC",Buncombe County,North Carolina,37,021,Central
11700,"Asheville, NC",Henderson County,North Carolina,37,089,Central
11700,"Asheville, NC",Madison County,North Carolina,37,115,Outlying
12020,"Athens-Clarke County, GA",Clarke County,Georgia,13,059,Central
12020,"Athens-Clarke County, GA",Madison County,Georgia,13,195,Outlying
12020,"Athens-Clarke County, GA",Oconee County,Georgia,13,219,Central
12020,"Athens-Clarke County, GA",Oglethorpe County,Georgia,13,221,Outlying
12060,"Atlanta-Sandy Springs-Roswell, GA",Barrow County,Georgia,13,013,Outlying
12060,"Atlanta-Sandy Springs-Roswell, GA",Butts County,Georgia,13,035,Outlying
12060,"Atlanta-Sandy Springs-Roswell, GA",Carroll County,Georgia,13,045,Outlying
12060,"Atlanta-Sandy Springs-Roswell, GA",Clayton County,Georgia,13,063,Central
12060,"Atlanta-Sandy Springs-Roswell, GA",Coweta County,Georgia,13,077,Central
12060,"Atlanta-Sandy Springs-Roswell, GA",Dawson County,Georgia,13,085,Central
12060,"Atlanta-Sandy Springs-Roswell, GA",DeKalb County,Georgia,13,089,Central
12060,"Atlanta-Sandy Springs-Roswell, GA",Douglas County,Georgia,13,097,Central
12060,"Atlanta-Sandy Springs-Roswell, GA",Fayette County,Georgia,13,113,Central
12060,"Atlanta-Sandy Springs-Roswell, GA",Forsyth County,Georgia,13,117,Central
12060,"Atlanta-Sandy Springs-Roswell, GA",Fulton County,Georgia,13,121,Central
12060,"Atlanta-Sandy Springs-Roswell, GA",Gwinnett County,Georgia,13,135,Central
12060,"Atlanta-Sandy Springs-Roswell, GA",Heard County,Georgia,13,149,Outlying
12060,"Atlanta-Sandy Springs-Roswell, GA",Henry County,Georgia,13,151,Central
12060,"Atlanta-Sandy Springs-Roswell, GA",Jasper County,Georgia,13,159,Outlying
12060,"Atlanta-Sandy Springs-Roswell, GA",Lumpkin County,Georgia,13,187,Outlying
12060,"Atlanta-Sandy Springs-Roswell, GA",Meriwether County,Georgia,13,199,Outlying
12060,"Atlanta-Sandy Springs-Roswell, GA",Morgan County,Georgia,13,211,Outlying
12060,"Atlanta-Sandy Springs-Roswell, GA",Newton County,Georgia,13,217,Central
12060,"Atlanta-Sandy Springs-Roswell, GA",Pickens County,Georgia,13,227,Outlying
12060,"Atlanta-Sandy Springs-Roswell, GA",Pike County,Georgia,13,231,Outlying
12060,"Atlanta-Sandy Springs-Roswell, GA",Rockdale County,Georgia,13,247,Central
12060,"Atlanta-Sandy Springs-Roswell, GA",Spalding County,Georgia,13,255,Outlying
12060,"Atlanta-Sandy Springs-Roswell, GA",Walton County,Georgia,13,297,Central
12060,"Atlanta-Sandy Springs-Roswell, GA",Bartow County,Georgia,13,015,Outlying
12060,"Atlanta-Sandy Springs-Roswell, GA",Cherokee County,Georgia,13,057,Central
12060,"Atlanta-Sandy Springs-Roswell, GA",Cobb County,Georgia,13,067,Central
12060,"Atlanta-Sandy Springs-Roswell, GA",Haralson County,Georgia,13,143,Outlying
12060,"Atlanta-Sandy Springs-Roswell, GA",Paulding County,Georgia,13,223,Central
12100,"Atlantic City-Hammonton, NJ",Atlantic County,New Jersey,34,001,Central
12100,"Atlantic City-Hammonton, NJ",Cape May County,New Jersey,34,009,Central
12220,"Auburn-Opelika, AL",Lee County,Alabama,01,081,Central
12220,"Auburn-Opelika, AL",Macon County,Alabama,01,087,Outlying
12260,"Augusta-Richmond County, GA-SC",Burke County,Georgia,13,033,Outlying
12260,"Augusta-Richmond County, GA-SC",Columbia County,Georgia,13,073,Central
12260,"Augusta-Richmond County, GA-SC",Lincoln County,Georgia,13,181,Outlying
12260,"Augusta-Richmond County, GA-SC",McDuffie County,Georgia,13,189,Outlying
12260,"Augusta-Richmond County, GA-SC",Richmond County,Georgia,13,245,Central
12260,"Augusta-Richmond County, GA-SC",Aiken County,South Carolina,45,003,Central
12260,"Augusta-Richmond County, GA-SC",Edgefield County,South Carolina,45,037,Outlying
12420,"Austin-Round Rock-San Marcos, TX",Bastrop County,Texas,48,021,Outlying
12420,"Austin-Round Rock-San Marcos, TX",Caldwell County,Texas,48,055,Outlying
12420,"Austin-Round Rock-San Marcos, TX",Hays County,Texas,48,209,Central
12420,"Austin-Round Rock-San Marcos, TX",Travis County,Texas,48,453,Central
12420,"Austin-Round Rock-San Marcos, TX",Williamson County,Texas,48,491,Central
12540,"Bakersfield-Delano, CA",Kern County,California,06,029,Central
12580,"Baltimore-Columbia-Towson, MD",Anne Arundel County,Maryland,24,003,Central
12580,"Baltimore-Columbia-Towson, MD",Baltimore County,Maryland,24,005,Central
12580,"Baltimore-Columbia-Towson, MD",Carroll County,Maryland,24,013,Outlying
12580,"Baltimore-Columbia-Towson, MD",Harford County,Maryland,24,025,Outlying
12580,"Baltimore-Columbia-Towson, MD",Howard County,Maryland,24,027,Central
12580,"Baltimore-Columbia-Towson, MD",Queen Anne's County,Maryland,24,035,Outlying
12580,"Baltimore-Columbia-Towson, MD",Baltimore city,Maryland,24,510,Central
12620,"Bangor, ME",Penobscot County,Maine,23,019,Central
12700,"Barnstable Town, MA",Barnstable County,Massachusetts,25,001,Central
12940,"Baton Rouge, LA",Ascension Parish,Louisiana,22,005,Central
12940,"Baton Rouge, LA",Assumption Parish,Louisiana,22,007,Outlying
12940,"Baton Rouge, LA",East Baton Rouge Parish,Louisiana,22,033,Central
12940,"Baton Rouge, LA",East Feliciana Parish,Louisiana,22,037,Outlying
12940,"Baton Rouge, LA",Iberville Parish,Louisiana,22,047,Central
12940,"Baton Rouge, LA",Livingston Parish,Louisiana,22,063,Central
12940,"Baton Rouge, LA",Pointe Coupee Parish,Louisiana,22,077,Outlying
12940,"Baton Rouge, LA",St. Helena Parish,Louisiana,22,091,Outlying
12940,"Baton Rouge, LA",West Baton Rouge Parish,Louisiana,22,121,Central
12940,"Baton Rouge, LA",West Feliciana Parish,Louisiana,22,125,Outlying
12980,"Battle Creek, MI",Calhoun County,Michigan,26,025,Central
13020,"Bay City, MI",Bay County,Michigan,26,017,Central
13140,"Beaumont-Port Arthur, TX",Hardin County,Texas,48,199,Outlying
13140,"Beaumont-Port Arthur, TX",Jefferson County,Texas,48,245,Central
13140,"Beaumont-Port Arthur, TX",Orange County,Texas,48,361,Outlying
13220,"Beckley, WV",Fayette County,West Virginia,54,019,Central
13220,"Beckley, WV",Raleigh County,West Virginia,54,081,Central
13380,"Bellingham, WA",Whatcom County,Washington,53,073,Central
13460,"Bend, OR",Crook County,Oregon,41,013,Outlying
13460,"Bend, OR",Deschutes County,Oregon,41,017,Central
13460,"Bend, OR",Jefferson County,Oregon,41,031,Outlying
13740,"Billings, MT",Carbon County,Montana,30,009,Outlying
13740,"Billings, MT",Stillwater County,Montana,30,095,Outlying
13740,"Billings, MT",Yellowstone County,Montana,30,111,Central
13780,"Binghamton, NY",Broome County,New York,36,007,Central
13780,"Binghamton, NY",Tioga County,New York,36,107,Central
13820,"Birmingham, AL",Bibb County,Alabama,01,007,Outlying
13820,"Birmingham, AL",Blount County,Alabama,01,009,Outlying
13820,"Birmingham, AL",Chilton County,Alabama,01,021,Outlying
13820,"Birmingham, AL",Jefferson County,Alabama,01,073,Central
13820,"Birmingham, AL",St. Clair County,Alabama,01,115,Central
13820,"Birmingham, AL",Shelby County,Alabama,01,117,Central
13820,"Birmingham, AL",Walker County,Alabama,01,127,Outlying
13900,"Bismarck, ND",Burleigh County,North Dakota,38,015,Central
13900,"Bismarck, ND",Morton County,North Dakota,38,059,Central
13900,"Bismarck, ND",Oliver County,North Dakota,38,065,Outlying
13980,"Blacksburg-Christiansburg-Radford, VA",Floyd County,Virginia,51,063,Outlying
13980,"Blacksburg-Christiansburg-Radford, VA",Giles County,Virginia,51,071,Outlying
13980,"Blacksburg-Christiansburg-Radford, VA",Montgomery County,Virginia,51,121,Central
13980,"Blacksburg-Christiansburg-Radford, VA",Pulaski County,Virginia,51,155,Outlying
13980,"Blacksburg-Christiansburg-Radford, VA",Radford city,Virginia,51,750,Central
14010,"Bloomington, IL",McLean County,Illinois,17,113,Central
14020,"Bloomington, IN",Monroe County,Indiana,18,105,Central
14020,"Bloomington, IN",Owen County,Indiana,18,119,Outlying
14260,"Boise City, ID",Ada County,Idaho,16,001,Central
14260,"Boise City, ID",Boise County,Idaho,16,015,Outlying
14260,"Boise City, ID",Canyon County,Idaho,16,027,Outlying
14260,"Boise City, ID",Gem County,Idaho,16,045,Outlying
14260,"Boise City, ID",Owyhee County,Idaho,16,073,Outlying
14460,"Boston-Cambridge-Newton, MA-NH",Norfolk County,Massachusetts,25,021,Central
14460,"Boston-Cambridge-Newton, MA-NH",Plymouth County,Massachusetts,25,023,Central
14460,"Boston-Cambridge-Newton, MA-NH",Suffolk County,Massachusetts,25,025,Central
14460,"Boston-Cambridge-Newton, MA-NH",Essex County,Massachusetts,25,009,Central
14460,"Boston-Cambridge-Newton, MA-NH",Middlesex County,Massachusetts,25,017,Central
14460,"Boston-Cambridge-Newton, MA-NH",Rockingham County,New Hampshire,33,015,Central
14460,"Boston-Cambridge-Newton, MA-NH",Strafford County,New Hampshire,33,017,Outlying
14500,"Boulder, CO",Boulder County,Colorado,08,013,Central
14540,"Bowling Green, KY",Allen County,Kentucky,21,003,Outlying
14540,"Bowling Green, KY",Butler County,Kentucky,21,031,Outlying
14540,"Bowling Green, KY",Edmonson County,Kentucky,21,061,Outlying
14540,"Bowling Green, KY",Warren County,Kentucky,21,227,Central
14580,"Bozeman, MT",Gallatin County,Montana,30,031,Central
14740,"Bremerton-Silverdale-Port Orchard, WA",Kitsap County,Washington,53,035,Central
14860,"Bridgeport-Stamford-Danbury, CT",Greater Bridgeport Planning Region,Connecticut,09,120,Central
14860,"Bridgeport-Stamford-Danbury, CT",Western Connecticut Planning Region,Connecticut,09,190,Central
15180,"Brownsville-Harlingen, TX",Cameron County,Texas,48,061,Central
15260,"Brunswick-St. Simons, GA",Brantley County,Georgia,13,025,Outlying
15260,"Brunswick-St. Simons, GA",Glynn County,Georgia,13,127,Central
15260,"Brunswick-St. Simons, GA",McIntosh County,Georgia,13,191,Outlying
15380,"Buffalo-Cheektowaga, NY",Erie County,New York,36,029,Central
15380,"Buffalo-Cheektowaga, NY",Niagara County,New York,36,063,Central
15500,"Burlington, NC",Alamance County,North Carolina,37,001,Central
15540,"Burlington-South Burlington, VT",Chittenden County,Vermont,50,007,Central
15540,"Burlington-South Burlington, VT",Franklin County,Vermont,50,011,Outlying
15540,"Burlington-South Burlington, VT",Grand Isle County,Vermont,50,013,Outlying
15940,"Canton-Massillon, OH",Carroll County,Ohio,39,019,Outlying
15940,"Canton-Massillon, OH",Stark County,Ohio,39,151,Central
15980,"Cape Coral-Fort Myers, FL",Lee County,Florida,12,071,Central
16020,"Cape Girardeau, MO-IL",Alexander County,Illinois,17,003,Outlying
16020,"Cape Girardeau, MO-IL",Bollinger County,Missouri,29,017,Outlying
16020,"Cape Girardeau, MO-IL",Cape Girardeau County,Missouri,29,031,Central
16180,"Carson City, NV",Carson City,Nevada,32,510,Central
16220,"Casper, WY",Natrona County,Wyoming,56,025,Central
16300,"Cedar Rapids, IA",Benton County,Iowa,19,011,Outlying
16300,"Cedar Rapids, IA",Jones County,Iowa,19,105,Outlying
16300,"Cedar Rapids, IA",Linn County,Iowa,19,113,Central
16540,"Chambersburg, PA",Franklin County,Pennsylvania,42,055,Central
16580,"Champaign-Urbana, IL",Champaign County,Illinois,17,019,Central
16580,"Champaign-Urbana, IL",Ford County,Illinois,17,053,Outlying
16580,"Champaign-Urbana, IL",Piatt County,Illinois,17,147,Outlying
16620,"Charleston, WV",Boone County,West Virginia,54,005,Outlying
16620,"Charleston, WV",Clay County,West Virginia,54,015,Outlying
16620,"Charleston, WV",Kanawha County,West Virginia,54,039,Central
16700,"Charleston-North Charleston, SC",Berkeley County,South Carolina,45,015,Central
16700,"Charleston-North Charleston, SC",Charleston County,South Carolina,45,019,Central
16700,"Charleston-North Charleston, SC",Dorchester County,South Carolina,45,035,Central
16740,"Charlotte-Concord-Gastonia, NC-SC",Anson County,North Carolina,37,007,Outlying
16740,"Charlotte-Concord-Gastonia, NC-SC",Cabarrus County,North Carolina,37,025,Outlying
16740,"Charlotte-Concord-Gastonia, NC-SC",Gaston County,North Carolina,37,071,Outlying
16740,"Charlotte-Concord-Gastonia, NC-SC",Iredell County,North Carolina,37,097,Central
16740,"Charlotte-Concord-Gastonia, NC-SC",Lincoln County,North Carolina,37,109,Outlying
16740,"Charlotte-Concord-Gastonia, NC-SC",Mecklenburg County,North Carolina,37,119,Central
16740,"Charlotte-Concord-Gastonia, NC-SC",Rowan County,North Carolina,37,159,Outlying
16740,"Charlotte-Concord-Gastonia, NC-SC",Union County,North Carolina,37,179,Central
16740,"Charlotte-Concord-Gastonia, NC-SC",Chester County,South Carolina,45,023,Outlying
16740,"Charlotte-Concord-Gastonia, NC-SC",Lancaster County,South Carolina,45,057,Outlying
16740,"Charlotte-Concord-Gastonia, NC-SC",York County,South Carolina,45,091,Outlying
16820,"Charlottesville, VA",Albemarle County,Virginia,51,003,Central
16820,"Charlottesville, VA",Fluvanna County,Virginia,51,065,Outlying
16820,"Charlottesville, VA",Greene County,Virginia,51,079,Outlying
16820,"Charlottesville, VA",Nelson County,Virginia,51,125,Outlying
16820,"Charlottesville, VA",Charlottesville city,Virginia,51,540,Central
16860,"Chattanooga, TN-GA",Catoosa County,Georgia,13,047,Central
16860,"Chattanooga, TN-GA",Dade County,Georgia,13,083,Outlying
16860,"Chattanooga, TN-GA",Walker County,Georgia,13,295,Central
16860,"Chattanooga, TN-GA",Hamilton County,Tennessee,47,065,Central
16860,"Chattanooga, TN-GA",Marion County,Tennessee,47,115,Outlying
16860,"Chattanooga, TN-GA",Sequatchie County,Tennessee,47,153,Outlying
16940,"Cheyenne, WY",Laramie County,Wyoming,56,021,Central
16980,"Chicago-Naperville-Elgin, IL-IN",Cook County,Illinois,17,031,Central
16980,"Chicago-Naperville-Elgin, IL-IN",DuPage County,Illinois,17,043,Central
16980,"Chicago-Naperville-Elgin, IL-IN",Grundy County,Illinois,17,063,Outlying
16980,"Chicago-Naperville-Elgin, IL-IN",McHenry County,Illinois,17,111,Central
16980,"Chicago-Naperville-Elgin, IL-IN",Will County,Illinois,17,197,Central
16980,"Chicago-Naperville-Elgin, IL-IN",DeKalb County,Illinois,17,037,Outlying
16980,"Chicago-Naperville-Elgin, IL-IN",Kane County,Illinois,17,089,Central
16980,"Chicago-Naperville-Elgin, IL-IN",Kendall County,Illinois,17,093,Central
16980,"Chicago-Naperville-Elgin, IL-IN",Lake County,Illinois,17,097,Central
16980,"Chicago-Naperville-Elgin, IL-IN",Jasper County,Indiana,18,073,Outlying
16980,"Chicago-Naperville-Elgin, IL-IN",Lake County,Indiana,18,089,Central
16980,"Chicago-Naperville-Elgin, IL-IN",Newton County,Indiana,18,111,Outlying
16980,"Chicago-Naperville-Elgin, IL-IN",Porter County,Indiana,18,127,Central
17020,"Chico, CA",Butte County,California,06,007,Central
17140,"Cincinnati, OH-KY-IN",Dearborn County,Indiana,18,029,Outlying
17140,"Cincinnati, OH-KY-IN",Franklin County,Indiana,18,047,Outlying
17140,"Cincinnati, OH-KY-IN",Ohio County,Indiana,18,115,Outlying
17140,"Cincinnati, OH-KY-IN",Boone County,Kentucky,21,015,Central
17140,"Cincinnati, OH-KY-IN",Bracken County,Kentucky,21,023,Outlying
17140,"Cincinnati, OH-KY-IN",Campbell County,Kentucky,21,037,Central
17140,"Cincinnati, OH-KY-IN",Gallatin County,Kentucky,21,077,Outlying
17140,"Cincinnati, OH-KY-IN",Grant County,Kentucky,21,081,Outlying
17140,"Cincinnati, OH-KY-IN",Kenton County,Kentucky,21,117,Central
17140,"Cincinnati, OH-KY-IN",Pendleton County,Kentucky,21,191,Outlying
17140,"Cincinnati, OH-KY-IN",Brown County,Ohio,39,015,Outlying
17140,"Cincinnati, OH-KY-IN",Butler County,Ohio,39,017,Central
17140,"Cincinnati, OH-KY-IN",Clermont County,Ohio,39,025,Central
17140,"Cincinnati, OH-KY-IN",Hamilton County,Ohio,39,061,Central
17140,"Cincinnati, OH-KY-IN",Warren County,Ohio,39,165,Central
17300,"Clarksville, TN-KY",Christian County,Kentucky,21,047,Outlying
17300,"Clarksville, TN-KY",Trigg County,Kentucky,21,221,Outlying
17300,"Clarksville, TN-KY",Montgomery County,Tennessee,47,125,Central
17300,"Clarksville, TN-KY",Stewart County,Tennessee,47,161,Outlying
17410,"Cleveland, OH",Ashtabula County,Ohio,39,007,Outlying
17410,"Cleveland, OH",Cuyahoga County,Ohio,39,035,Central
17410,"Cleveland, OH",Geauga County,Ohio,39,055,Central
17410,"Cleveland, OH",Lake County,Ohio,39,085,Central
17410,"Cleveland, OH",Lorain County,Ohio,39,093,Outlying
17410,"Cleveland, OH",Medina County,Ohio,39,103,Central
17420,"Cleveland, TN",Bradley County,Tennessee,47,011,Central
17420,"Cleveland, TN",Polk County,Tennessee,47,139,Outlying
17660,"Coeur d'Alene, ID",Kootenai County,Idaho,16,055,Central
17780,"College Station-Bryan, TX",Brazos County,Texas,48,041,Central
17780,"College Station-Bryan, TX",Burleson County,Texas,48,051,Outlying
17780,"College Station-Bryan, TX",Robertson County,Texas,48,395,Outlying
17820,"Colorado Springs, CO",El Paso County,Colorado,08,041,Central
17820,"Colorado Springs, CO",Teller County,Colorado,08,119,Outlying
17860,"Columbia, MO",Boone County,Missouri,29,019,Central
17860,"Columbia, MO",Cooper County,Missouri,29,053,Outlying
17860,"Columbia, MO",Howard County,Missouri,29,089,Outlying
17900,"Columbia, SC",Calhoun County,South Carolina,45,017,Outlying
17900,"Columbia, SC",Fairfield County,South Carolina,45,039,Outlying
17900,"Columbia, SC",Kershaw County,South Carolina,45,055,Outlying
17900,"Columbia, SC",Lexington County,South Carolina,45,063,Central
17900,"Columbia, SC",Richland County,South Carolina,45,079,Central
17900,"Columbia, SC",Saluda County,South Carolina,45,081,Outlying
17980,"Columbus, GA-AL",Russell County,Alabama,01,113,Central
17980,"Columbus, GA-AL",Chattahoochee County,Georgia,13,053,Central
17980,"Columbus, GA-AL",Harris County,Georgia,13,145,Outlying
17980,"Columbus, GA-AL",Marion County,Georgia,13,197,Outlying
17980,"Columbus, GA-AL",Muscogee County,Georgia,13,215,Central
17980,"Columbus, GA-AL",Stewart County,Georgia,13,259,Outlying
17980,"Columbus, GA-AL",Talbot County,Georgia,13,263,Outlying
18020,"Columbus, IN",Bartholomew County,Indiana,18,005,Central
18140,"Columbus, OH",Delaware County,Ohio,39,041,Central
18140,"Columbus, OH",Fairfield County,Ohio,39,045,Central
18140,"Columbus, OH",Franklin County,Ohio,39,049,Central
18140,"Columbus, OH",Hocking County,Ohio,39,073,Outlying
18140,"Columbus, OH",Licking County,Ohio,39,089,Outlying
18140,"Columbus, OH",Madison County,Ohio,39,097,Outlying
18140,"Columbus, OH",Morrow County,Ohio,39,117,Outlying
18140,"Columbus, OH",Perry County,Ohio,39,127,Outlying
18140,"Columbus, OH",Pickaway County,Ohio,39,129,Outlying
18140,"Columbus, OH",Union County,Ohio,39,159,Outlying
18580,"Corpus Christi, TX",Aransas County,Texas,48,007,Outlying
18580,"Corpus Christi, TX",Nueces County,Texas,48,355,Central
18580,"Corpus Christi, TX",San Patricio County,Texas,48,409,Central
18700,"Corvallis, OR",Benton County,Oregon,41,003,Central
18880,"Crestview-Fort Walton Beach-Destin, FL",Okaloosa County,Florida,12,091,Central
18880,"Crestview-Fort Walton Beach-Destin, FL",Walton County,Florida,12,131,Central
19100,"Dallas-Fort Worth-Arlington, TX",Collin County,Texas,48,085,Central
19100,"Dallas-Fort Worth-Arlington, TX",Dallas County,Texas,48,113,Central
19100,"Dallas-Fort Worth-Arlington, TX",Denton County,Texas,48,121,Outlying
19100,"Dallas-Fort Worth-Arlington, TX",Ellis County,Texas,48,139,Central
19100,"Dallas-Fort Worth-Arlington, TX",Hunt County,Texas,48,231,Outlying
19100,"Dallas-Fort Worth-Arlington, TX",Kaufman County,Texas,48,257,Outlying
19100,"Dallas-Fort Worth-Arlington, TX",Rockwall County,Texas,48,397,Central
19100,"Dallas-Fort Worth-Arlington, TX",Johnson County,Texas,48,251,Central
19100,"Dallas-Fort Worth-Arlington, TX",Parker County,Texas,48,367,Outlying
19100,"Dallas-Fort Worth-Arlington, TX",Tarrant County,Texas,48,439,Central
19100,"Dallas-Fort Worth-Arlington, TX",Wise County,Texas,48,497,Outlying
19140,"Dalton, GA",Murray County,Georgia,13,213,Outlying
19140,"Dalton, GA",Whitfield County,Georgia,13,313,Central
19300,"Daphne-Fairhope-Foley, AL",Baldwin County,Alabama,01,003,Central
19340,"Davenport-Moline-Rock Island, IA-IL",Henry County,Illinois,17,073,Outlying
19340,"Davenport-Moline-Rock Island, IA-IL",Mercer County,Illinois,17,131,Outlying
19340,"Davenport-Moline-Rock Island, IA-IL",Rock Island County,Illinois,17,161,Central
19340,"Davenport-Moline-Rock Island, IA-IL",Scott County,Iowa,19,163,Central
19430,"Dayton-Kettering-Beavercreek, OH",Greene County,Ohio,39,057,Central
19430,"Dayton-Kettering-Beavercreek, OH",Miami County,Ohio,39,109,Outlying
19430,"Dayton-Kettering-Beavercreek, OH",Montgomery County,Ohio,39,113,Central
19460,"Decatur, AL",Lawrence County,Alabama,01,079,Outlying
19460,"Decatur, AL",Morgan County,Alabama,01,103,Central
19500,"Decatur, IL",Macon County,Illinois,17,115,Central
19660,"Deltona-Daytona Beach-Ormond Beach, FL",Flagler County,Florida,12,035,Central
19660,"Deltona-Daytona Beach-Ormond Beach, FL",Volusia County,Florida,12,127,Central
19740,"Denver-Aurora-Centennial, CO",Adams County,Colorado,08,001,Central
19740,"Denver-Aurora-Centennial, CO",Arapahoe County,Colorado,08,005,Central
19740,"Denver-Aurora-Centennial, CO",Broomfield County,Colorado,08,014,Central
19740,"Denver-Aurora-Centennial, CO",Clear Creek County,Colorado,08,019,Outlying
19740,"Denver-Aurora-Centennial, CO",Denver County,Colorado,08,031,Central
19740,"Denver-Aurora-Centennial, CO",Douglas County,Colorado,08,035,Central
19740,"Denver-Aurora-Centennial, CO",Elbert County,Colorado,08,039,Outlying
19740,"Denver-Aurora-Centennial, CO",Gilpin County,Colorado,08,047,Outlying
19740,"Denver-Aurora-Centennial, CO",Jefferson County,Colorado,08,059,Central
19740,"Denver-Aurora-Centennial, CO",Park County,Colorado,08,093,Outlying
19780,"Des Moines-West Des Moines, IA",Dallas County,Iowa,19,049,Central
19780,"Des Moines-West Des Moines, IA",Guthrie County,Iowa,19,077,Outlying
19780,"Des Moines-West Des Moines, IA",Jasper County,Iowa,19,099,Outlying
19780,"Des Moines-West Des Moines, IA",Madison County,Iowa,19,121,Outlying
19780,"Des Moines-West Des Moines, IA",Polk County,Iowa,19,153,Central
19780,"Des Moines-West Des Moines, IA",Warren County,Iowa,19,181,Outlying
19820,"Detroit-Warren-Dearborn, MI",Wayne County,Michigan,26,163,Central
19820,"Detroit-Warren-Dearborn, MI",Lapeer County,Michigan,26,087,Outlying
19820,"Detroit-Warren-Dearborn, MI",Livingston County,Michigan,26,093,Outlying
19820,"Detroit-Warren-Dearborn, MI",Macomb County,Michigan,26,099,Central
19820,"Detroit-Warren-Dearborn, MI",Oakland County,Michigan,26,125,Central
19820,"Detroit-Warren-Dearborn, MI",St. Clair County,Michigan,26,147,Outlying
20020,"Dothan, AL",Geneva County,Alabama,01,061,Outlying
20020,"Dothan, AL",Henry County,Alabama,01,067,Outlying
20020,"Dothan, AL",Houston County,Alabama,01,069,Central
20100,"Dover, DE",Kent County,Delaware,10,001,Central
20220,"Dubuque, IA",Dubuque County,Iowa,19,061,Central
20260,"Duluth, MN-WI",Carlton County,Minnesota,27,017,Outlying
20260,"Duluth, MN-WI",St. Louis County,Minnesota,27,137,Central
20260,"Duluth, MN-WI",Douglas County,Wisconsin,55,031,Central
20500,"Durham-Chapel Hill, NC",Chatham County,North Carolina,37,037,Central
20500,"Durham-Chapel Hill, NC",Durham County,North Carolina,37,063,Central
20500,"Durham-Chapel Hill, NC",Orange County,North Carolina,37,135,Central
20500,"Durham-Chapel Hill, NC",Person County,North Carolina,37,145,Outlying
20580,"Eagle Pass, TX",Maverick County,Texas,48,323,Central
20740,"Eau Claire, WI",Chippewa County,Wisconsin,55,017,Central
20740,"Eau Claire, WI",Eau Claire County,Wisconsin,55,035,Central
20940,"El Centro, CA",Imperial County,California,06,025,Central
21060,"Elizabethtown, KY",Hardin County,Kentucky,21,093,Central
21060,"Elizabethtown, KY",Larue County,Kentucky,21,123,Outlying
21140,"Elkhart-Goshen, IN",Elkhart County,Indiana,18,039,Central
21300,"Elmira, NY",Chemung County,New York,36,015,Central
21340,"El Paso, TX",El Paso County,Texas,48,141,Central
21340,"El Paso, TX",Hudspeth County,Texas,48,229,Outlying
21420,"Enid, OK",Garfield County,Oklahoma,40,047,Central
21500,"Erie, PA",Erie County,Pennsylvania,42,049,Central
21660,"Eugene-Springfield, OR",Lane County,Oregon,41,039,Central
21780,"Evansville, IN",Posey County,Indiana,18,129,Outlying
21780,"Evansville, IN",Vanderburgh County,Indiana,18,163,Central
21780,"Evansville, IN",Warrick County,Indiana,18,173,Central
21820,"Fairbanks-College, AK",Fairbanks North Star Borough,Alaska,02,090,Central
22020,"Fargo, ND-MN",Clay County,Minnesota,27,027,Central
22020,"Fargo, ND-MN",Cass County,North Dakota,38,017,Central
22140,"Farmington, NM",San Juan County,New Mexico,35,045,Central
22180,"Fayetteville, NC",Cumberland County,North Carolina,37,051,Central
22180,"Fayetteville, NC",Hoke County,North Carolina,37,093,Central
22220,"Fayetteville-Springdale-Rogers, AR",Benton County,Arkansas,05,007,Central
22220,"Fayetteville-Springdale-Rogers, AR",Madison County,Arkansas,05,087,Outlying
22220,"Fayetteville-Springdale-Rogers, AR",Washington County,Arkansas,05,143,Central
22380,"Flagstaff, AZ",Coconino County,Arizona,04,005,Central
22420,"Flint, MI",Genesee County,Michigan,26,049,Central
22500,"Florence, SC",Darlington County,South Carolina,45,031,Outlying
22500,"Florence, SC",Florence County,South Carolina,45,041,Central
22520,"Florence-Muscle Shoals, AL",Colbert County,Alabama,01,033,Central
22520,"Florence-Muscle Shoals, AL",Lauderdale County,Alabama,01,077,Central
22540,"Fond du Lac, WI",Fond du Lac County,Wisconsin,55,039,Central
22660,"Fort Collins-Loveland, CO",Larimer County,Colorado,08,069,Central
22900,"Fort Smith, AR-OK",Crawford County,Arkansas,05,033,Central
22900,"Fort Smith, AR-OK",Sebastian County,Arkansas,05,131,Central
22900,"Fort Smith, AR-OK",Sequoyah County,Oklahoma,40,135,Outlying
23060,"Fort Wayne, IN",Allen County,Indiana,18,003,Central
23060,"Fort Wayne, IN",Wells County,Indiana,18,179,Outlying
23060,"Fort Wayne, IN",Whitley County,Indiana,18,183,Outlying
23420,"Fresno, CA",Fresno County,California,06,019,Central
23420,"Fresno, CA",Madera County,California,06,039,Outlying
23460,"Gadsden, AL",Etowah County,Alabama,01,055,Central
23540,"Gainesville, FL",Alachua County,Florida,12,001,Central
23540,"Gainesville, FL",Gilchrist County,Florida,12,041,Outlying
23540,"Gainesville, FL",Levy County,Florida,12,075,Outlying
23580,"Gainesville, GA",Hall County,Georgia,13,139,Central
23900,"Gettysburg, PA",Adams County,Pennsylvania,42,001,Central
24020,"Glens Falls, NY",Warren County,New York,36,113,Central
24020,"Glens Falls, NY",Washington County,New York,36,115,Central
24140,"Goldsboro, NC",Wayne County,North Carolina,37,191,Central
24220,"Grand Forks, ND-MN",Polk County,Minnesota,27,119,Central
24220,"Grand Forks, ND-MN",Grand Forks County,North Dakota,38,035,Central
24260,"Grand Island, NE",Hall County,Nebraska,31,079,Central
24260,"Grand Island, NE",Howard County,Nebraska,31,093,Outlying
24260,"Grand Island, NE",Merrick County,Nebraska,31,121,Outlying
24300,"Grand Junction, CO",Mesa County,Colorado,08,077,Central
24340,"Grand Rapids-Wyoming-Kentwood, MI",Barry County,Michigan,26,015,Outlying
24340,"Grand Rapids-Wyoming-Kentwood, MI",Ionia County,Michigan,26,067,Outlying
24340,"Grand Rapids-Wyoming-Kentwood, MI",Kent County,Michigan,26,081,Central
24340,"Grand Rapids-Wyoming-Kentwood, MI",Montcalm County,Michigan,26,117,Outlying
24340,"Grand Rapids-Wyoming-Kentwood, MI",Ottawa County,Michigan,26,139,Outlying
24420,"Grants Pass, OR",Josephine County,Oregon,41,033,Central
24500,"Great Falls, MT",Cascade County,Montana,30,013,Central
24540,"Greeley, CO",Weld County,Colorado,08,123,Central
24580,"Green Bay, WI",Brown County,Wisconsin,55,009,Central
24580,"Green Bay, WI",Kewaunee County,Wisconsin,55,061,Outlying
24580,"Green Bay, WI",Oconto County,Wisconsin,55,083,Outlying
24660,"Greensboro-High Point, NC",Guilford County,North Carolina,37,081,Central
24660,"Greensboro-High Point, NC",Randolph County,North Carolina,37,151,Outlying
24660,"Greensboro-High Point, NC",Rockingham County,North Carolina,37,157,Outlying
24780,"Greenville, NC",Pitt County,North Carolina,37,147,Central
24860,"Greenville-Anderson-Greer, SC",Anderson County,South Carolina,45,007,Outlying
24860,"Greenville-Anderson-Greer, SC",Greenville County,South Carolina,45,045,Central
24860,"Greenville-Anderson-Greer, SC",Laurens County,South Carolina,45,059,Outlying
24860,"Greenville-Anderson-Greer, SC",Pickens County,South Carolina,45,077,Central
25020,"Guayama, PR",Arroyo Municipio,Puerto Rico,72,015,Central
25020,"Guayama, PR",Guayama Municipio,Puerto Rico,72,057,Central
25020,"Guayama, PR",Patillas Municipio,Puerto Rico,72,109,Central
25060,"Gulfport-Biloxi, MS",Hancock County,Mississippi,28,045,Central
25060,"Gulfport-Biloxi, MS",Harrison County,Mississippi,28,047,Central
25060,"Gulfport-Biloxi, MS",Jackson County,Mississippi,28,059,Outlying
25060,"Gulfport-Biloxi, MS",Stone County,Mississippi,28,131,Outlying
25180,"Hagerstown-Martinsburg, MD-WV",Washington County,Maryland,24,043,Central
25180,"Hagerstown-Martinsburg, MD-WV",Berkeley County,West Virginia,54,003,Central
25180,"Hagerstown-Martinsburg, MD-WV",Morgan County,West Virginia,54,065,Outlying
25220,"Hammond, LA",Tangipahoa Parish,Louisiana,22,105,Central
25260,"Hanford-Corcoran, CA",Kings County,California,06,031,Central
25420,"Harrisburg-Carlisle, PA",Cumberland County,Pennsylvania,42,041,Central
25420,"Harrisburg-Carlisle, PA",Dauphin County,Pennsylvania,42,043,Central
25420,"Harrisburg-Carlisle, PA",Perry County,Pennsylvania,42,099,Outlying
25500,"Harrisonburg, VA",Rockingham County,Virginia,51,165,Central
25500,"Harrisonburg, VA",Harrisonburg city,Virginia,51,660,Central
25540,"Hartford-West Hartford-East Hartford, CT",Capitol Planning Region,Connecticut,09,110,Central
25540,"Hartford-West Hartford-East Hartford, CT",Lower Connecticut River Valley Planning Region,Connecticut,09,130,Central
25620,"Hattiesburg, MS",Forrest County,Mississippi,28,035,Central
25620,"Hattiesburg, MS",Lamar County,Mississippi,28,073,Central
25620,"Hattiesburg, MS",Perry County,Mississippi,28,111,Outlying
25740,"Helena, MT",Broadwater County,Montana,30,007,Outlying
25740,"Helena, MT",Jefferson County,Montana,30,043,Outlying
25740,"Helena, MT",Lewis and Clark County,Montana,30,049,Central
25860,"Hickory-Lenoir-Morganton, NC",Alexander County,North Carolina,37,003,Outlying
25860,"Hickory-Lenoir-Morganton, NC",Burke County,North Carolina,37,023,Central
25860,"Hickory-Lenoir-Morganton, NC",Caldwell County,North Carolina,37,027,Central
25860,"Hickory-Lenoir-Morganton, NC",Catawba County,North Carolina,37,035,Central
25940,"Hilton Head Island-Bluffton-Port Royal, SC",Beaufort County,South Carolina,45,013,Central
25940,"Hilton Head Island-Bluffton-Port Royal, SC",Jasper County,South Carolina,45,053,Outlying
25980,"Hinesville, GA",Liberty County,Georgia,13,179,Central
25980,"Hinesville, GA",Long County,Georgia,13,183,Outlying
26140,"Homosassa Springs, FL",Citrus County,Florida,12,017,Central
26300,"Hot Springs, AR",Garland County,Arkansas,05,051,Central
26380,"Houma-Bayou Cane-Thibodaux, LA",Lafourche Parish,Louisiana,22,057,Central
26380,"Houma-Bayou Cane-Thibodaux, LA",Terrebonne Parish,Louisiana,22,109,Central
26420,"Houston-Pasadena-The Woodlands, TX",Austin County,Texas,48,015,Outlying
26420,"Houston-Pasadena-The Woodlands, TX",Brazoria County,Texas,48,039,Central
26420,"Houston-Pasadena-The Woodlands, TX",Chambers County,Texas,48,071,Outlying
26420,"Houston-Pasadena-The Woodlands, TX",Fort Bend County,Texas,48,157,Central
26420,"Houston-Pasadena-The Woodlands, TX",Galveston County,Texas,48,167,Outlying
26420,"Houston-Pasadena-The Woodlands, TX",Harris County,Texas,48,201,Central
26420,"Houston-Pasadena-The Woodlands, TX",Liberty County,Texas,48,291,Outlying
26420,"Houston-Pasadena-The Woodlands, TX",Montgomery County,Texas,48,339,Outlying
26420,"Houston-Pasadena-The Woodlands, TX",San Jacinto County,Texas,48,407,Outlying
26420,"Houston-Pasadena-The Woodlands, TX",Waller County,Texas,48,473,Central
26580,"Huntington-Ashland, WV-KY-OH",Boyd County,Kentucky,21,019,Central
26580,"Huntington-Ashland, WV-KY-OH",Carter County,Kentucky,21,043,Outlying
26580,"Huntington-Ashland, WV-KY-OH",Greenup County,Kentucky,21,089,Central
26580,"Huntington-Ashland, WV-KY-OH",Lawrence County,Kentucky,21,127,Outlying
26580,"Huntington-Ashland, WV-KY-OH",Lawrence County,Ohio,39,087,Central
26580,"Huntington-Ashland, WV-KY-OH",Cabell County,West Virginia,54,011,Central
26580,"Huntington-Ashland, WV-KY-OH",Putnam County,West Virginia,54,079,Central
26580,"Huntington-Ashland, WV-KY-OH",Wayne County,West Virginia,54,099,Central
26620,"Huntsville, AL",Limestone County,Alabama,01,083,Central
26620,"Huntsville, AL",Madison County,Alabama,01,089,Central
26820,"Idaho Falls, ID",Bonneville County,Idaho,16,019,Central
26820,"Idaho Falls, ID",Butte County,Idaho,16,023,Outlying
26820,"Idaho Falls, ID",Jefferson County,Idaho,16,051,Outlying
26900,"Indianapolis-Carmel-Greenwood, IN",Boone County,Indiana,18,011,Central
26900,"Indianapolis-Carmel-Greenwood, IN",Brown County,Indiana,18,013,Outlying
26900,"Indianapolis-Carmel-Greenwood, IN",Hamilton County,Indiana,18,057,Central
26900,"Indianapolis-Carmel-Greenwood, IN",Hancock County,Indiana,18,059,Central
26900,"Indianapolis-Carmel-Greenwood, IN",Hendricks County,Indiana,18,063,Central
26900,"Indianapolis-Carmel-Greenwood, IN",Johnson County,Indiana,18,081,Central
26900,"Indianapolis-Carmel-Greenwood, IN",Madison County,Indiana,18,095,Outlying
26900,"Indianapolis-Carmel-Greenwood, IN",Marion County,Indiana,18,097,Central
26900,"Indianapolis-Carmel-Greenwood, IN",Morgan County,Indiana,18,109,Central
26900,"Indianapolis-Carmel-Greenwood, IN",Shelby County,Indiana,18,145,Outlying
26900,"Indianapolis-Carmel-Greenwood, IN",Tipton County,Indiana,18,159,Outlying
26980,"Iowa City, IA",Johnson County,Iowa,19,103,Central
26980,"Iowa City, IA",Washington County,Iowa,19,183,Outlying
27060,"Ithaca, NY",Tompkins County,New York,36,109,Central
27100,"Jackson, MI",Jackson County,Michigan,26,075,Central
27140,"Jackson, MS",Copiah County,Mississippi,28,029,Outlying
27140,"Jackson, MS",Hinds County,Mississippi,28,049,Central
27140,"Jackson, MS",Holmes County,Mississippi,28,051,Outlying
27140,"Jackson, MS",Madison County,Mississippi,28,089,Central
27140,"Jackson, MS",Rankin County,Mississippi,28,121,Central
27140,"Jackson, MS",Scott County,Mississippi,28,123,Outlying
27140,"Jackson, MS",Simpson County,Mississippi,28,127,Outlying
27140,"Jackson, MS",Yazoo County,Mississippi,28,163,Outlying
27180,"Jackson, TN",Chester County,Tennessee,47,023,Outlying
27180,"Jackson, TN",Crockett County,Tennessee,47,033,Outlying
27180,"Jackson, TN",Gibson County,Tennessee,47,053,Outlying
27180,"Jackson, TN",Madison County,Tennessee,47,113,Central
27260,"Jacksonville, FL",Baker County,Florida,12,003,Outlying
27260,"Jacksonville, FL",Clay County,Florida,12,019,Central
27260,"Jacksonville, FL",Duval County,Florida,12,031,Central
27260,"Jacksonville, FL",Nassau County,Florida,12,089,Outlying
27260,"Jacksonville, FL",St. Johns County,Florida,12,109,Central
27340,"Jacksonville, NC",Onslow County,North Carolina,37,133,Central
27500,"Janesville-Beloit, WI",Rock County,Wisconsin,55,105,Central
27620,"Jefferson City, MO",Callaway County,Missouri,29,027,Outlying
27620,"Jefferson City, MO",Cole County,Missouri,29,051,Central
27620,"Jefferson City, MO",Moniteau County,Missouri,29,135,Outlying
27620,"Jefferson City, MO",Osage County,Missouri,29,151,Outlying
27740,"Johnson City, TN",Carter County,Tennessee,47,019,Central
27740,"Johnson City, TN",Unicoi County,Tennessee,47,171,Outlying
27740,"Johnson City, TN",Washington County,Tennessee,47,179,Central
27780,"Johnstown, PA",Cambria County,Pennsylvania,42,021,Central
27860,"Jonesboro, AR",Craighead County,Arkansas,05,031,Central
27860,"Jonesboro, AR",Poinsett County,Arkansas,05,111,Outlying
27900,"Joplin, MO-KS",Cherokee County,Kansas,20,021,Outlying
27900,"Joplin, MO-KS",Jasper County,Missouri,29,097,Central
27900,"Joplin, MO-KS",Newton County,Missouri,29,145,Outlying
27980,"Kahului-Wailuku, HI",Kalawao County,Hawaii,15,005,Outlying
27980,"Kahului-Wailuku, HI",Maui County,Hawaii,15,009,Central
28020,"Kalamazoo-Portage, MI",Kalamazoo County,Michigan,26,077,Central
28100,"Kankakee, IL",Kankakee County,Illinois,17,091,Central
28140,"Kansas City, MO-KS",Johnson County,Kansas,20,091,Central
28140,"Kansas City, MO-KS",Leavenworth County,Kansas,20,103,Outlying
28140,"Kansas City, MO-KS",Linn County,Kansas,20,107,Outlying
28140,"Kansas City, MO-KS",Miami County,Kansas,20,121,Outlying
28140,"Kansas City, MO-KS",Wyandotte County,Kansas,20,209,Central
28140,"Kansas City, MO-KS",Bates County,Missouri,29,013,Outlying
28140,"Kansas City, MO-KS",Caldwell County,Missouri,29,025,Outlying
28140,"Kansas City, MO-KS",Cass County,Missouri,29,037,Central
28140,"Kansas City, MO-KS",Clay County,Missouri,29,047,Central
28140,"Kansas City, MO-KS",Clinton County,Missouri,29,049,Outlying
28140,"Kansas City, MO-KS",Jackson County,Missouri,29,095,Central
28140,"Kansas City, MO-KS",Lafayette County,Missouri,29,107,Outlying
28140,"Kansas City, MO-KS",Platte County,Missouri,29,165,Central
28140,"Kansas City, MO-KS",Ray County,Missouri,29,177,Outlying
28420,"Kennewick-Richland, WA",Benton County,Washington,53,005,Central
28420,"Kennewick-Richland, WA",Franklin County,Washington,53,021,Central
28450,"Kenosha, WI",Kenosha County,Wisconsin,55,059,Central
28660,"Killeen-Temple, TX",Bell County,Texas,48,027,Central
28660,"Killeen-Temple, TX",Coryell County,Texas,48,099,Central
28660,"Killeen-Temple, TX",Lampasas County,Texas,48,281,Outlying
28700,"Kingsport-Bristol, TN-VA",Hawkins County,Tennessee,47,073,Central
28700,"Kingsport-Bristol, TN-VA",Sullivan County,Tennessee,47,163,Central
28700,"Kingsport-Bristol, TN-VA",Scott County,Virginia,51,169,Outlying
28700,"Kingsport-Bristol, TN-VA",Washington County,Virginia,51,191,Outlying
28700,"Kingsport-Bristol, TN-VA",Bristol city,Virginia,51,520,Outlying
28740,"Kingston, NY",Ulster County,New York,36,111,Central
28880,"Kiryas Joel-Poughkeepsie-Newburgh, NY",Dutchess County,New York,36,027,Central
28880,"Kiryas Joel-Poughkeepsie-Newburgh, NY",Orange County,New York,36,071,Central
28940,"Knoxville, TN",Anderson County,Tennessee,47,001,Central
28940,"Knoxville, TN",Blount County,Tennessee,47,009,Central
28940,"Knoxville, TN",Campbell County,Tennessee,47,013,Outlying
28940,"Knoxville, TN",Grainger County,Tennessee,47,057,Outlying
28940,"Knoxville, TN",Knox County,Tennessee,47,093,Central
28940,"Knoxville, TN",Loudon County,Tennessee,47,105,Central
28940,"Knoxville, TN",Morgan County,Tennessee,47,129,Outlying
28940,"Knoxville, TN",Roane County,Tennessee,47,145,Outlying
28940,"Knoxville, TN",Union County,Tennessee,47,173,Outlying
29020,"Kokomo, IN",Howard County,Indiana,18,067,Central
29100,"La Crosse-Onalaska, WI-MN",Houston County,Minnesota,27,055,Central
29100,"La Crosse-Onalaska, WI-MN",La Crosse County,Wisconsin,55,063,Central
29100,"La Crosse-Onalaska, WI-MN",Vernon County,Wisconsin,55,123,Outlying
29180,"Lafayette, LA",Acadia Parish,Louisiana,22,001,Outlying
29180,"Lafayette, LA",Lafayette Parish,Louisiana,22,055,Central
29180,"Lafayette, LA",St. Martin Parish,Louisiana,22,099,Outlying
29180,"Lafayette, LA",Vermilion Parish,Louisiana,22,113,Outlying
29200,"Lafayette-West Lafayette, IN",Benton County,Indiana,18,007,Outlying
29200,"Lafayette-West Lafayette, IN",Carroll County,Indiana,18,015,Outlying
29200,"Lafayette-West Lafayette, IN",Tippecanoe County,Indiana,18,157,Central
29200,"Lafayette-West Lafayette, IN",Warren County,Indiana,18,171,Outlying
29340,"Lake Charles, LA",Calcasieu Parish,Louisiana,22,019,Central
29340,"Lake Charles, LA",Cameron Parish,Louisiana,22,023,Outlying
29340,"Lake Charles, LA",Jefferson Davis Parish,Louisiana,22,053,Outlying
29420,"Lake Havasu City-Kingman, AZ",Mohave County,Arizona,04,015,Central
29460,"Lakeland-Winter Haven, FL",Polk County,Florida,12,105,Central
29540,"Lancaster, PA",Lancaster County,Pennsylvania,42,071,Central
29620,"Lansing-East Lansing, MI",Clinton County,Michigan,26,037,Central
29620,"Lansing-East Lansing, MI",Eaton County,Michigan,26,045,Central
29620,"Lansing-East Lansing, MI",Ingham County,Michigan,26,065,Central
29700,"Laredo, TX",Webb County,Texas,48,479,Central
29740,"Las Cruces, NM",Doña Ana County,New Mexico,35,013,Central
29820,"Las Vegas-Henderson-North Las Vegas, NV",Clark County,Nevada,32,003,Central
29940,"Lawrence, KS",Douglas County,Kansas,20,045,Central
30020,"Lawton, OK",Comanche County,Oklahoma,40,031,Central
30020,"Lawton, OK",Cotton County,Oklahoma,40,033,Outlying
30140,"Lebanon, PA",Lebanon County,Pennsylvania,42,075,Central
30300,"Lewiston, ID-WA",Nez Perce County,Idaho,16,069,Central
30300,"Lewiston, ID-WA",Asotin County,Washington,53,003,Central
30340,"Lewiston-Auburn, ME",Androscoggin County,Maine,23,001,Central
30460,"Lexington-Fayette, KY",Bourbon County,Kentucky,21,017,Outlying
30460,"Lexington-Fayette, KY",Clark County,Kentucky,21,049,Outlying
30460,"Lexington-Fayette, KY",Fayette County,Kentucky,21,067,Central
30460,"Lexington-Fayette, KY",Jessamine County,Kentucky,21,113,Outlying
30460,"Lexington-Fayette, KY",Scott County,Kentucky,21,209,Outlying
30460,"Lexington-Fayette, KY",Woodford County,Kentucky,21,239,Outlying
30500,"Lexington Park, MD",Calvert County,Maryland,24,009,Central
30500,"Lexington Park, MD",St. Mary's County,Maryland,24,037,Central
30620,"Lima, OH",Allen County,Ohio,39,003,Central
30700,"Lincoln, NE",Lancaster County,Nebraska,31,109,Central
30700,"Lincoln, NE",Seward County,Nebraska,31,159,Outlying
30780,"Little Rock-North Little Rock-Conway, AR",Faulkner County,Arkansas,05,045,Outlying
30780,"Little Rock-North Little Rock-Conway, AR",Grant County,Arkansas,05,053,Outlying
30780,"Little Rock-North Little Rock-Conway, AR",Lonoke County,Arkansas,05,085,Central
30780,"Little Rock-North Little Rock-Conway, AR",Perry County,Arkansas,05,105,Outlying
30780,"Little Rock-North Little Rock-Conway, AR",Pulaski County,Arkansas,05,119,Central
30780,"Little Rock-North Little Rock-Conway, AR",Saline County,Arkansas,05,125,Central
30860,"Logan, UT-ID",Franklin County,Idaho,16,041,Outlying
30860,"Logan, UT-ID",Cache County,Utah,49,005,Central
30980,"Longview, TX",Gregg County,Texas,48,183,Central
30980,"Longview, TX",Harrison County,Texas,48,203,Outlying
30980,"Longview, TX",Rusk County,Texas,48,401,Outlying
30980,"Longview, TX",Upshur County,Texas,48,459,Outlying
31020,"Longview-Kelso, WA",Cowlitz County,Washington,53,015,Central
31080,"Los Angeles-Long Beach-Anaheim, CA",Orange County,California,06,059,Central
31080,"Los Angeles-Long Beach-Anaheim, CA",Los Angeles County,California,06,037,Central
31140,"Louisville/Jefferson County, KY-IN",Clark County,Indiana,18,019,Central
31140,"Louisville/Jefferson County, KY-IN",Floyd County,Indiana,18,043,Central
31140,"Louisville/Jefferson County, KY-IN",Harrison County,Indiana,18,061,Outlying
31140,"Louisville/Jefferson County, KY-IN",Washington County,Indiana,18,175,Outlying
31140,"Louisville/Jefferson County, KY-IN",Bullitt County,Kentucky,21,029,Central
31140,"Louisville/Jefferson County, KY-IN",Henry County,Kentucky,21,103,Outlying
31140,"Louisville/Jefferson County, KY-IN",Jefferson County,Kentucky,21,111,Central
31140,"Louisville/Jefferson County, KY-IN",Meade County,Kentucky,21,163,Outlying
31140,"Louisville/Jefferson County, KY-IN",Nelson County,Kentucky,21,179,Outlying
31140,"Louisville/Jefferson County, KY-IN",Oldham County,Kentucky,21,185,Central
31140,"Louisville/Jefferson County, KY-IN",Shelby County,Kentucky,21,211,Outlying
31140,"Louisville/Jefferson County, KY-IN",Spencer County,Kentucky,21,215,Outlying
31180,"Lubbock, TX",Cochran County,Texas,48,079,Outlying
31180,"Lubbock, TX",Crosby County,Texas,48,107,Outlying
31180,"Lubbock, TX",Garza County,Texas,48,169,Outlying
31180,"Lubbock, TX",Hockley County,Texas,48,219,Outlying
31180,"Lubbock, TX",Lubbock County,Texas,48,303,Central
31180,"Lubbock, TX",Lynn County,Texas,48,305,Outlying
31340,"Lynchburg, VA",Amherst County,Virginia,51,009,Central
31340,"Lynchburg, VA",Appomattox County,Virginia,51,011,Outlying
31340,"Lynchburg, VA",Bedford County,Virginia,51,019,Central
31340,"Lynchburg, VA",Campbell County,Virginia,51,031,Central
31340,"Lynchburg, VA",Lynchburg city,Virginia,51,680,Central
31420,"Macon-Bibb County, GA",Bibb County,Georgia,13,021,Central
31420,"Macon-Bibb County, GA",Crawford County,Georgia,13,079,Outlying
31420,"Macon-Bibb County, GA",Jones County,Georgia,13,169,Outlying
31420,"Macon-Bibb County, GA",Monroe County,Georgia,13,207,Outlying
31420,"Macon-Bibb County, GA",Twiggs County,Georgia,13,289,Outlying
31540,"Madison, WI",Columbia County,Wisconsin,55,021,Outlying
31540,"Madison, WI",Dane County,Wisconsin,55,025,Central
31540,"Madison, WI",Green County,Wisconsin,55,045,Outlying
31540,"Madison, WI",Iowa County,Wisconsin,55,049,Outlying
31700,"Manchester-Nashua, NH",Hillsborough County,New Hampshire,33,011,Central
31740,"Manhattan, KS",Geary County,Kansas,20,061,Outlying
31740,"Manhattan, KS",Pottawatomie County,Kansas,20,149,Outlying
31740,"Manhattan, KS",Riley County,Kansas,20,161,Central
31860,"Mankato, MN",Blue Earth County,Minnesota,27,013,Central
31860,"Mankato, MN",Nicollet County,Minnesota,27,103,Central
31900,"Mansfield, OH",Richland County,Ohio,39,139,Central
32420,"Mayagüez, PR",Cabo Rojo Municipio,Puerto Rico,72,023,Central
32420,"Mayagüez, PR",Hormigueros Municipio,Puerto Rico,72,067,Outlying
32420,"Mayagüez, PR",Lajas Municipio,Puerto Rico,72,079,Central
32420,"Mayagüez, PR",Mayagüez Municipio,Puerto Rico,72,097,Outlying
32420,"Mayagüez, PR",Sabana Grande Municipio,Puerto Rico,72,121,Central
32420,"Mayagüez, PR",San Germán Municipio,Puerto Rico,72,125,Central
32580,"McAllen-Edinburg-Mission, TX",Hidalgo County,Texas,48,215,Central
32780,"Medford, OR",Jackson County,Oregon,41,029,Central
32820,"Memphis, TN-MS-AR",Crittenden County,Arkansas,05,035,Central
32820,"Memphis, TN-MS-AR",Benton County,Mississippi,28,009,Outlying
32820,"Memphis, TN-MS-AR",DeSoto County,Mississippi,28,033,Central
32820,"Memphis, TN-MS-AR",Marshall County,Mississippi,28,093,Outlying
32820,"Memphis, TN-MS-AR",Tate County,Mississippi,28,137,Outlying
32820,"Memphis, TN-MS-AR",Tunica County,Mississippi,28,143,Outlying
32820,"Memphis, TN-MS-AR",Fayette County,Tennessee,47,047,Outlying
32820,"Memphis, TN-MS-AR",Shelby County,Tennessee,47,157,Central
32820,"Memphis, TN-MS-AR",Tipton County,Tennessee,47,167,Outlying
32900,"Merced, CA",Merced County,California,06,047,Central
33100,"Miami-Fort Lauderdale-West Palm Beach, FL",Broward County,Florida,12,011,Central
33100,"Miami-Fort Lauderdale-West Palm Beach, FL",Miami-Dade County,Florida,12,086,Central
33100,"Miami-Fort Lauderdale-West Palm Beach, FL",Palm Beach County,Florida,12,099,Central
33140,"Michigan City-La Porte, IN",LaPorte County,Indiana,18,091,Central
33220,"Midland, MI",Midland County,Michigan,26,111,Central
33260,"Midland, TX",Martin County,Texas,48,317,Outlying
33260,"Midland, TX",Midland County,Texas,48,329,Central
33340,"Milwaukee-Waukesha, WI",Milwaukee County,Wisconsin,55,079,Central
33340,"Milwaukee-Waukesha, WI",Ozaukee County,Wisconsin,55,089,Outlying
33340,"Milwaukee-Waukesha, WI",Washington County,Wisconsin,55,131,Outlying
33340,"Milwaukee-Waukesha, WI",Waukesha County,Wisconsin,55,133,Central
33460,"Minneapolis-St. Paul-Bloomington, MN-WI",Anoka County,Minnesota,27,003,Central
33460,"Minneapolis-St. Paul-Bloomington, MN-WI",Carver County,Minnesota,27,019,Central
33460,"Minneapolis-St. Paul-Bloomington, MN-WI",Chisago County,Minnesota,27,025,Outlying
33460,"Minneapolis-St. Paul-Bloomington, MN-WI",Dakota County,Minnesota,27,037,Central
33460,"Minneapolis-St. Paul-Bloomington, MN-WI",Hennepin County,Minnesota,27,053,Central
33460,"Minneapolis-St. Paul-Bloomington, MN-WI",Isanti County,Minnesota,27,059,Outlying
33460,"Minneapolis-St. Paul-Bloomington, MN-WI",Le Sueur County,Minnesota,27,079,Outlying
33460,"Minneapolis-St. Paul-Bloomington, MN-WI",Mille Lacs County,Minnesota,27,095,Outlying
33460,"Minneapolis-St. Paul-Bloomington, MN-WI",Ramsey County,Minnesota,27,123,Central
33460,"Minneapolis-St. Paul-Bloomington, MN-WI",Scott County,Minnesota,27,139,Central
33460,"Minneapolis-St. Paul-Bloomington, MN-WI",Sherburne County,Minnesota,27,141,Central
33460,"Minneapolis-St. Paul-Bloomington, MN-WI",Washington County,Minnesota,27,163,Central
33460,"Minneapolis-St. Paul-Bloomington, MN-WI",Wright County,Minnesota,27,171,Central
33460,"Minneapolis-St. Paul-Bloomington, MN-WI",Pierce County,Wisconsin,55,093,Outlying
33460,"Minneapolis-St. Paul-Bloomington, MN-WI",St. Croix County,Wisconsin,55,109,Outlying
33500,"Minot, ND",McHenry County,North Dakota,38,049,Outlying
33500,"Minot, ND",Renville County,North Dakota,38,075,Outlying
33500,"Minot, ND",Ward County,North Dakota,38,101,Central
33540,"Missoula, MT",Mineral County,Montana,30,061,Outlying
33540,"Missoula, MT",Missoula County,Montana,30,063,Central
33660,"Mobile, AL",Mobile County,Alabama,01,097,Central
33700,"Modesto, CA",Stanislaus County,California,06,099,Central
33740,"Monroe, LA",Morehouse Parish,Louisiana,22,067,Outlying
33740,"Monroe, LA",Ouachita Parish,Louisiana,22,073,Central
33740,"Monroe, LA",Richland Parish,Louisiana,22,083,Outlying
33740,"Monroe, LA",Union Parish,Louisiana,22,111,Outlying
33780,"Monroe, MI",Monroe County,Michigan,26,115,Central
33860,"Montgomery, AL",Autauga County,Alabama,01,001,Central
33860,"Montgomery, AL",Elmore County,Alabama,01,051,Central
33860,"Montgomery, AL",Lowndes County,Alabama,01,085,Outlying
33860,"Montgomery, AL",Montgomery County,Alabama,01,101,Central
34060,"Morgantown, WV",Monongalia County,West Virginia,54,061,Central
34060,"Morgantown, WV",Preston County,West Virginia,54,077,Outlying
34100,"Morristown, TN",Hamblen County,Tennessee,47,063,Central
34100,"Morristown, TN",Jefferson County,Tennessee,47,089,Central
34580,"Mount Vernon-Anacortes, WA",Skagit County,Washington,53,057,Central
34620,"Muncie, IN",Delaware County,Indiana,18,035,Central
34740,"Muskegon-Norton Shores, MI",Muskegon County,Michigan,26,121,Central
34820,"Myrtle Beach-Conway-North Myrtle Beach, SC",Horry County,South Carolina,45,051,Central
34900,"Napa, CA",Napa County,California,06,055,Central
34940,"Naples-Marco Island, FL",Collier County,Florida,12,021,Central
34980,"Nashville-Davidson--Murfreesboro--Franklin, TN",Cannon County,Tennessee,47,015,Outlying
34980,"Nashville-Davidson--Murfreesboro--Franklin, TN",Cheatham County,Tennessee,47,021,Outlying
34980,"Nashville-Davidson--Murfreesboro--Franklin, TN",Davidson County,Tennessee,47,037,Central
34980,"Nashville-Davidson--Murfreesboro--Franklin, TN",Dickson County,Tennessee,47,043,Outlying
34980,"Nashville-Davidson--Murfreesboro--Franklin, TN",Hickman County,Tennessee,47,081,Outlying
34980,"Nashville-Davidson--Murfreesboro--Franklin, TN",Macon County,Tennessee,47,111,Outlying
34980,"Nashville-Davidson--Murfreesboro--Franklin, TN",Maury County,Tennessee,47,119,Outlying
34980,"Nashville-Davidson--Murfreesboro--Franklin, TN",Robertson County,Tennessee,47,147,Outlying
34980,"Nashville-Davidson--Murfreesboro--Franklin, TN",Rutherford County,Tennessee,47,149,Outlying
34980,"Nashville-Davidson--Murfreesboro--Franklin, TN",Smith County,Tennessee,47,159,Outlying
34980,"Nashville-Davidson--Murfreesboro--Franklin, TN",Sumner County,Tennessee,47,165,Central
34980,"Nashville-Davidson--Murfreesboro--Franklin, TN",Trousdale County,Tennessee,47,169,Outlying
34980,"Nashville-Davidson--Murfreesboro--Franklin, TN",Williamson County,Tennessee,47,187,Central
34980,"Nashville-Davidson--Murfreesboro--Franklin, TN",Wilson County,Tennessee,47,189,Central
35300,"New Haven, CT",South Central Connecticut Planning Region,Connecticut,09,170,Central
35380,"New Orleans-Metairie, LA",Jefferson Parish,Louisiana,22,051,Central
35380,"New Orleans-Metairie, LA",Orleans Parish,Louisiana,22,071,Central
35380,"New Orleans-Metairie, LA",Plaquemines Parish,Louisiana,22,075,Central
35380,"New Orleans-Metairie, LA",St. Bernard Parish,Louisiana,22,087,Central
35380,"New Orleans-Metairie, LA",St. Charles Parish,Louisiana,22,089,Central
35380,"New Orleans-Metairie, LA",St. James Parish,Louisiana,22,093,Central
35380,"New Orleans-Metairie, LA",St. John the Baptist Parish,Louisiana,22,095,Central
35620,"New York-Newark-Jersey City, NY-NJ",Middlesex County,New Jersey,34,023,Central
35620,"New York-Newark-Jersey City, NY-NJ",Monmouth County,New Jersey,34,025,Central
35620,"New York-Newark-Jersey City, NY-NJ",Ocean County,New Jersey,34,029,Central
35620,"New York-Newark-Jersey City, NY-NJ",Somerset County,New Jersey,34,035,Central
35620,"New York-Newark-Jersey City, NY-NJ",Nassau County,New York,36,059,Central
35620,"New York-Newark-Jersey City, NY-NJ",Suffolk County,New York,36,103,Central
35620,"New York-Newark-Jersey City, NY-NJ",Essex County,New Jersey,34,013,Central
35620,"New York-Newark-Jersey City, NY-NJ",Hunterdon County,New Jersey,34,019,Outlying
35620,"New York-Newark-Jersey City, NY-NJ",Morris County,New Jersey,34,027,Central
35620,"New York-Newark-Jersey City, NY-NJ",Sussex County,New Jersey,34,037,Outlying
35620,"New York-Newark-Jersey City, NY-NJ",Union County,New Jersey,34,039,Central
35620,"New York-Newark-Jersey City, NY-NJ",Bergen County,New Jersey,34,003,Central
35620,"New York-Newark-Jersey City, NY-NJ",Hudson County,New Jersey,34,017,Central
35620,"New York-Newark-Jersey City, NY-NJ",Passaic County,New Jersey,34,031,Central
35620,"New York-Newark-Jersey City, NY-NJ",Bronx County,New York,36,005,Central
35620,"New York-Newark-Jersey City, NY-NJ",Kings County,New York,36,047,Central
35620,"New York-Newark-Jersey City, NY-NJ",New York County,New York,36,061,Central
35620,"New York-Newark-Jersey City, NY-NJ",Putnam County,New York,36,079,Central
35620,"New York-Newark-Jersey City, NY-NJ",Queens County,New York,36,081,Central
35620,"New York-Newark-Jersey City, NY-NJ",Richmond County,New York,36,085,Central
35620,"New York-Newark-Jersey City, NY-NJ",Rockland County,New York,36,087,Central
35620,"New York-Newark-Jersey City, NY-NJ",Westchester County,New York,36,119,Central
35660,"Niles, MI",Berrien County,Michigan,26,021,Central
35840,"North Port-Bradenton-Sarasota, FL",Manatee County,Florida,12,081,Central
35840,"North Port-Bradenton-Sarasota, FL",Sarasota County,Florida,12,115,Central
35980,"Norwich-New London-Willimantic, CT",Southeastern Connecticut Planning Region,Connecticut,09,180,Central
36100,"Ocala, FL",Marion County,Florida,12,083,Central
36220,"Odessa, TX",Ector County,Texas,48,135,Central
36260,"Ogden, UT",Davis County,Utah,49,011,Central
36260,"Ogden, UT",Morgan County,Utah,49,029,Outlying
36260,"Ogden, UT",Weber County,Utah,49,057,Central
36420,"Oklahoma City, OK",Canadian County,Oklahoma,40,017,Central
36420,"Oklahoma City, OK",Cleveland County,Oklahoma,40,027,Central
36420,"Oklahoma City, OK",Grady County,Oklahoma,40,051,Outlying
36420,"Oklahoma City, OK",Lincoln County,Oklahoma,40,081,Outlying
36420,"Oklahoma City, OK",Logan County,Oklahoma,40,083,Central
36420,"Oklahoma City, OK",McClain County,Oklahoma,40,087,Outlying
36420,"Oklahoma City, OK",Oklahoma County,Oklahoma,40,109,Central
36500,"Olympia-Lacey-Tumwater, WA",Thurston County,Washington,53,067,Central
36540,"Omaha, NE-IA",Harrison County,Iowa,19,085,Outlying
36540,"Omaha, NE-IA",Mills County,Iowa,19,129,Outlying
36540,"Omaha, NE-IA",Pottawattamie County,Iowa,19,155,Central
36540,"Omaha, NE-IA",Cass County,Nebraska,31,025,Outlying
36540,"Omaha, NE-IA",Douglas County,Nebraska,31,055,Central
36540,"Omaha, NE-IA",Sarpy County,Nebraska,31,153,Central
36540,"Omaha, NE-IA",Saunders County,Nebraska,31,155,Outlying
36540,"Omaha, NE-IA",Washington County,Nebraska,31,177,Outlying
36740,"Orlando-Kissimmee-Sanford, FL",Lake County,Florida,12,069,Outlying
36740,"Orlando-Kissimmee-Sanford, FL",Orange County,Florida,12,095,Central
36740,"Orlando-Kissimmee-Sanford, FL",Osceola County,Florida,12,097,Outlying
36740,"Orlando-Kissimmee-Sanford, FL",Seminole County,Florida,12,117,Central
36780,"Oshkosh-Neenah, WI",Winnebago County,Wisconsin,55,139,Central
36980,"Owensboro, KY",Daviess County,Kentucky,21,059,Central
36980,"Owensboro, KY",McLean County,Kentucky,21,149,Outlying
37100,"Oxnard-Thousand Oaks-Ventura, CA",Ventura County,California,06,111,Central
37140,"Paducah, KY-IL",Massac County,Illinois,17,127,Outlying
37140,"Paducah, KY-IL",Ballard County,Kentucky,21,007,Outlying
37140,"Paducah, KY-IL",Carlisle County,Kentucky,21,039,Outlying
37140,"Paducah, KY-IL",Livingston County,Kentucky,21,139,Outlying
37140,"Paducah, KY-IL",McCracken County,Kentucky,21,145,Central
37340,"Palm Bay-Melbourne-Titusville, FL",Brevard County,Florida,12,009,Central
37460,"Panama City-Panama City Beach, FL",Bay County,Florida,12,005,Central
37460,"Panama City-Panama City Beach, FL",Washington County,Florida,12,133,Outlying
37620,"Parkersburg-Vienna, WV",Wirt County,West Virginia,54,105,Outlying
37620,"Parkersburg-Vienna, WV",Wood County,West Virginia,54,107,Central
37860,"Pensacola-Ferry Pass-Brent, FL",Escambia County,Florida,12,033,Central
37860,"Pensacola-Ferry Pass-Brent, FL",Santa Rosa County,Florida,12,113,Central
37900,"Peoria, IL",Marshall County,Illinois,17,123,Outlying
37900,"Peoria, IL",Peoria County,Illinois,17,143,Central
37900,"Peoria, IL",Stark County,Illinois,17,175,Outlying
37900,"Peoria, IL",Tazewell County,Illinois,17,179,Central
37900,"Peoria, IL",Woodford County,Illinois,17,203,Central
37980,"Philadelphia-Camden-Wilmington, PA-NJ-DE-MD",Burlington County,New Jersey,34,005,Central
37980,"Philadelphia-Camden-Wilmington, PA-NJ-DE-MD",Camden County,New Jersey,34,007,Central
37980,"Philadelphia-Camden-Wilmington, PA-NJ-DE-MD",Gloucester County,New Jersey,34,015,Central
37980,"Philadelphia-Camden-Wilmington, PA-NJ-DE-MD",Bucks County,Pennsylvania,42,017,Central
37980,"Philadelphia-Camden-Wilmington, PA-NJ-DE-MD",Chester County,Pennsylvania,42,029,Central
37980,"Philadelphia-Camden-Wilmington, PA-NJ-DE-MD",Montgomery County,Pennsylvania,42,091,Central
37980,"Philadelphia-Camden-Wilmington, PA-NJ-DE-MD",Delaware County,Pennsylvania,42,045,Central
37980,"Philadelphia-Camden-Wilmington, PA-NJ-DE-MD",Philadelphia County,Pennsylvania,42,101,Central
37980,"Philadelphia-Camden-Wilmington, PA-NJ-DE-MD",New Castle County,Delaware,10,003,Central
37980,"Philadelphia-Camden-Wilmington, PA-NJ-DE-MD",Cecil County,Maryland,24,015,Central
37980,"Philadelphia-Camden-Wilmington, PA-NJ-DE-MD",Salem County,New Jersey,34,033,Central
38060,"Phoenix-Mesa-Chandler, AZ",Maricopa County,Arizona,04,013,Central
38060,"Phoenix-Mesa-Chandler, AZ",Pinal County,Arizona,04,021,Central
38240,"Pinehurst-Southern Pines, NC",Moore County,North Carolina,37,125,Central
38300,"Pittsburgh, PA",Allegheny County,Pennsylvania,42,003,Central
38300,"Pittsburgh, PA",Armstrong County,Pennsylvania,42,005,Outlying
38300,"Pittsburgh, PA",Beaver County,Pennsylvania,42,007,Central
38300,"Pittsburgh, PA",Butler County,Pennsylvania,42,019,Central
38300,"Pittsburgh, PA",Fayette County,Pennsylvania,42,051,Outlying
38300,"Pittsburgh, PA",Lawrence County,Pennsylvania,42,073,Outlying
38300,"Pittsburgh, PA",Washington County,Pennsylvania,42,125,Central
38300,"Pittsburgh, PA",Westmoreland County,Pennsylvania,42,129,Central
38340,"Pittsfield, MA",Berkshire County,Massachusetts,25,003,Central
38540,"Pocatello, ID",Bannock County,Idaho,16,005,Central
38660,"Ponce, PR",Guayanilla Municipio,Puerto Rico,72,059,Outlying
38660,"Ponce, PR",Juana Díaz Municipio,Puerto Rico,72,075,Outlying
38660,"Ponce, PR",Peñuelas Municipio,Puerto Rico,72,111,Outlying
38660,"Ponce, PR",Ponce Municipio,Puerto Rico,72,113,Central
38660,"Ponce, PR",Villalba Municipio,Puerto Rico,72,149,Outlying
38660,"Ponce, PR",Yauco Municipio,Puerto Rico,72,153,Outlying
38860,"Portland-South Portland, ME",Cumberland County,Maine,23,005,Central
38860,"Portland-South Portland, ME",Sagadahoc County,Maine,23,023,Outlying
38860,"Portland-South Portland, ME",York County,Maine,23,031,Central
38900,"Portland-Vancouver-Hillsboro, OR-WA",Clackamas County,Oregon,41,005,Central
38900,"Portland-Vancouver-Hillsboro, OR-WA",Columbia County,Oregon,41,009,Outlying
38900,"Portland-Vancouver-Hillsboro, OR-WA",Multnomah County,Oregon,41,051,Central
38900,"Portland-Vancouver-Hillsboro, OR-WA",Washington County,Oregon,41,067,Central
38900,"Portland-Vancouver-Hillsboro, OR-WA",Yamhill County,Oregon,41,071,Outlying
38900,"Portland-Vancouver-Hillsboro, OR-WA",Clark County,Washington,53,011,Central
38900,"Portland-Vancouver-Hillsboro, OR-WA",Skamania County,Washington,53,059,Outlying
38940,"Port St. Lucie, FL",Martin County,Florida,12,085,Central
38940,"Port St. Lucie, FL",St. Lucie County,Florida,12,111,Central
39150,"Prescott Valley-Prescott, AZ",Yavapai County,Arizona,04,025,Central
39300,"Providence-Warwick, RI-MA",Bristol County,Massachusetts,25,005,Central
39300,"Providence-Warwick, RI-MA",Bristol County,Rhode Island,44,001,Central
39300,"Providence-Warwick, RI-MA",Kent County,Rhode Island,44,003,Central
39300,"Providence-Warwick, RI-MA",Newport County,Rhode Island,44,005,Central
39300,"Providence-Warwick, RI-MA",Providence County,Rhode Island,44,007,Central
39300,"Providence-Warwick, RI-MA",Washington County,Rhode Island,44,009,Central
39340,"Provo-Orem-Lehi, UT",Juab County,Utah,49,023,Outlying
39340,"Provo-Orem-Lehi, UT",Utah County,Utah,49,049,Central
39380,"Pueblo, CO",Pueblo County,Colorado,08,101,Central
39460,"Punta Gorda, FL",Charlotte County,Florida,12,015,Central
39540,"Racine-Mount Pleasant, WI",Racine County,Wisconsin,55,101,Central
39580,"Raleigh-Cary, NC",Franklin County,North Carolina,37,069,Central
39580,"Raleigh-Cary, NC",Johnston County,North Carolina,37,101,Outlying
39580,"Raleigh-Cary, NC",Wake County,North Carolina,37,183,Central
39660,"Rapid City, SD",Custer County,South Dakota,46,033,Outlying
39660,"Rapid City, SD",Meade County,South Dakota,46,093,Outlying
39660,"Rapid City, SD",Pennington County,South Dakota,46,103,Central
39740,"Reading, PA",Berks County,Pennsylvania,42,011,Central
39820,"Redding, CA",Shasta County,California,06,089,Central
39900,"Reno, NV",Lyon County,Nevada,32,019,Outlying
39900,"Reno, NV",Storey County,Nevada,32,029,Outlying
39900,"Reno, NV",Washoe County,Nevada,32,031,Central
40060,"Richmond, VA",Amelia County,Virginia,51,007,Outlying
40060,"Richmond, VA",Charles City County,Virginia,51,036,Outlying
40060,"Richmond, VA",Chesterfield County,Virginia,51,041,Central
40060,"Richmond, VA",Dinwiddie County,Virginia,51,053,Central
40060,"Richmond, VA",Goochland County,Virginia,51,075,Outlying
40060,"Richmond, VA",Hanover County,Virginia,51,085,Central
40060,"Richmond, VA",Henrico County,Virginia,51,087,Central
40060,"Richmond, VA",King and Queen County,Virginia,51,097,Outlying
40060,"Richmond, VA",King William County,Virginia,51,101,Outlying
40060,"Richmond, VA",New Kent County,Virginia,51,127,Outlying
40060,"Richmond, VA",Powhatan County,Virginia,51,145,Outlying
40060,"Richmond, VA",Prince George County,Virginia,51,149,Central
40060,"Richmond, VA",Sussex County,Virginia,51,183,Outlying
40060,"Richmond, VA",Colonial Heights city,Virginia,51,570,Central
40060,"Richmond, VA",Hopewell city,Virginia,51,670,Central
40060,"Richmond, VA",Petersburg city,Virginia,51,730,Central
40060,"Richmond, VA",Richmond city,Virginia,51,760,Central
40140,"Riverside-San Bernardino-Ontario, CA",Riverside County,California,06,065,Central
40140,"Riverside-San Bernardino-Ontario, CA",San Bernardino County,California,06,071,Central
40220,"Roanoke, VA",Botetourt County,Virginia,51,023,Central
40220,"Roanoke, VA",Craig County,Virginia,51,045,Outlying
40220,"Roanoke, VA",Franklin County,Virginia,51,067,Outlying
40220,"Roanoke, VA",Roanoke County,Virginia,51,161,Central
40220,"Roanoke, VA",Roanoke city,Virginia,51,770,Central
40220,"Roanoke, VA",Salem city,Virginia,51,775,Central
40340,"Rochester, MN",Dodge County,Minnesota,27,039,Outlying
40340,"Rochester, MN",Fillmore County,Minnesota,27,045,Outlying
40340,"Rochester, MN",Olmsted County,Minnesota,27,109,Central
40340,"Rochester, MN",Wabasha County,Minnesota,27,157,Outlying
40380,"Rochester, NY",Livingston County,New York,36,051,Outlying
40380,"Rochester, NY",Monroe County,New York,36,055,Central
40380,"Rochester, NY",Ontario County,New York,36,069,Central
40380,"Rochester, NY",Orleans County,New York,36,073,Outlying
40380,"Rochester, NY",Wayne County,New York,36,117,Outlying
40420,"Rockford, IL",Boone County,Illinois,17,007,Central
40420,"Rockford, IL",Winnebago County,Illinois,17,201,Central
40580,"Rocky Mount, NC",Edgecombe County,North Carolina,37,065,Central
40580,"Rocky Mount, NC",Nash County,North Carolina,37,127,Central
40660,"Rome, GA",Floyd County,Georgia,13,115,Central
40900,"Sacramento-Roseville-Folsom, CA",El Dorado County,California,06,017,Central
40900,"Sacramento-Roseville-Folsom, CA",Placer County,California,06,061,Central
40900,"Sacramento-Roseville-Folsom, CA",Sacramento County,California,06,067,Central
40900,"Sacramento-Roseville-Folsom, CA",Yolo County,California,06,113,Outlying
40980,"Saginaw, MI",Saginaw County,Michigan,26,145,Central
41060,"St. Cloud, MN",Benton County,Minnesota,27,009,Central
41060,"St. Cloud, MN",Stearns County,Minnesota,27,145,Central
41100,"St. George, UT",Washington County,Utah,49,053,Central
41140,"St. Joseph, MO-KS",Doniphan County,Kansas,20,043,Outlying
41140,"St. Joseph, MO-KS",Andrew County,Missouri,29,003,Outlying
41140,"St. Joseph, MO-KS",Buchanan County,Missouri,29,021,Central
41140,"St. Joseph, MO-KS",DeKalb County,Missouri,29,063,Outlying
41180,"St. Louis, MO-IL",Bond County,Illinois,17,005,Outlying
41180,"St. Louis, MO-IL",Calhoun County,Illinois,17,013,Outlying
41180,"St. Louis, MO-IL",Clinton County,Illinois,17,027,Outlying
41180,"St. Louis, MO-IL",Jersey County,Illinois,17,083,Outlying
41180,"St. Louis, MO-IL",Macoupin County,Illinois,17,117,Outlying
41180,"St. Louis, MO-IL",Madison County,Illinois,17,119,Central
41180,"St. Louis, MO-IL",Monroe County,Illinois,17,133,Central
41180,"St. Louis, MO-IL",St. Clair County,Illinois,17,163,Central
41180,"St. Louis, MO-IL",Franklin County,Missouri,29,071,Outlying
41180,"St. Louis, MO-IL",Jefferson County,Missouri,29,099,Central
41180,"St. Louis, MO-IL",Lincoln County,Missouri,29,113,Outlying
41180,"St. Louis, MO-IL",St. Charles County,Missouri,29,183,Central
41180,"St. Louis, MO-IL",St. Louis County,Missouri,29,189,Central
41180,"St. Louis, MO-IL",Warren County,Missouri,29,219,Outlying
41180,"St. Louis, MO-IL",St. Louis city,Missouri,29,510,Central
41420,"Salem, OR",Marion County,Oregon,41,047,Central
41420,"Salem, OR",Polk County,Oregon,41,053,Central
41500,"Salinas, CA",Monterey County,California,06,053,Central
41540,"Salisbury, MD",Somerset County,Maryland,24,039,Outlying
41540,"Salisbury, MD",Wicomico County,Maryland,24,045,Central
41620,"Salt Lake City-Murray, UT",Salt Lake County,Utah,49,035,Central
41620,"Salt Lake City-Murray, UT",Tooele County,Utah,49,045,Outlying
41660,"San Angelo, TX",Irion County,Texas,48,235,Outlying
41660,"San Angelo, TX",Tom Green County,Texas,48,451,Central
41700,"San Antonio-New Braunfels, TX",Atascosa County,Texas,48,013,Outlying
41700,"San Antonio-New Braunfels, TX",Bandera County,Texas,48,019,Outlying
41700,"San Antonio-New Braunfels, TX",Bexar County,Texas,48,029,Central
41700,"San Antonio-New Braunfels, TX",Comal County,Texas,48,091,Outlying
41700,"San Antonio-New Braunfels, TX",Guadalupe County,Texas,48,187,Central
41700,"San Antonio-New Braunfels, TX",Kendall County,Texas,48,259,Outlying
41700,"San Antonio-New Braunfels, TX",Medina County,Texas,48,325,Outlying
41700,"San Antonio-New Braunfels, TX",Wilson County,Texas,48,493,Outlying
41740,"San Diego-Chula Vista-Carlsbad, CA",San Diego County,California,06,073,Central
41780,"Sandusky, OH",Erie County,Ohio,39,043,Central
41780,"Sandusky, OH",Ottawa County,Ohio,39,123,Central
41860,"San Francisco-Oakland-Fremont, CA",Alameda County,California,06,001,Central
41860,"San Francisco-Oakland-Fremont, CA",Contra Costa County,California,06,013,Outlying
41860,"San Francisco-Oakland-Fremont, CA",San Francisco County,California,06,075,Central
41860,"San Francisco-Oakland-Fremont, CA",San Mateo County,California,06,081,Central
41860,"San Francisco-Oakland-Fremont, CA",Marin County,California,06,041,Central
41940,"San Jose-Sunnyvale-Santa Clara, CA",San Benito County,California,06,069,Outlying
41940,"San Jose-Sunnyvale-Santa Clara, CA",Santa Clara County,California,06,085,Central
41980,"San Juan-Bayamón-Caguas, PR",Aguas Buenas Municipio,Puerto Rico,72,007,Central
41980,"San Juan-Bayamón-Caguas, PR",Aibonito Municipio,Puerto Rico,72,009,Outlying
41980,"San Juan-Bayamón-Caguas, PR",Barceloneta Municipio,Puerto Rico,72,017,Outlying
41980,"San Juan-Bayamón-Caguas, PR",Barranquitas Municipio,Puerto Rico,72,019,Central
41980,"San Juan-Bayamón-Caguas, PR",Bayamón Municipio,Puerto Rico,72,021,Central
41980,"San Juan-Bayamón-Caguas, PR",Caguas Municipio,Puerto Rico,72,025,Central
41980,"San Juan-Bayamón-Caguas, PR",Canóvanas Municipio,Puerto Rico,72,029,Central
41980,"San Juan-Bayamón-Caguas, PR",Carolina Municipio,Puerto Rico,72,031,Central
41980,"San Juan-Bayamón-Caguas, PR",Cataño Municipio,Puerto Rico,72,033,Central
41980,"San Juan-Bayamón-Caguas, PR",Cayey Municipio,Puerto Rico,72,035,Central
41980,"San Juan-Bayamón-Caguas, PR",Ceiba Municipio,Puerto Rico,72,037,Outlying
41980,"San Juan-Bayamón-Caguas, PR",Ciales Municipio,Puerto Rico,72,039,Outlying
41980,"San Juan-Bayamón-Caguas, PR",Cidra Municipio,Puerto Rico,72,041,Central
41980,"San Juan-Bayamón-Caguas, PR",Comerío Municipio,Puerto Rico,72,045,Central
41980,"San Juan-Bayamón-Caguas, PR",Corozal Municipio,Puerto Rico,72,047,Central
41980,"San Juan-Bayamón-Caguas, PR",Dorado Municipio,Puerto Rico,72,051,Central
41980,"San Juan-Bayamón-Caguas, PR",Fajardo Municipio,Puerto Rico,72,053,Outlying
41980,"San Juan-Bayamón-Caguas, PR",Florida Municipio,Puerto Rico,72,054,Outlying
41980,"San Juan-Bayamón-Caguas, PR",Guaynabo Municipio,Puerto Rico,72,061,Central
41980,"San Juan-Bayamón-Caguas, PR",Gurabo Municipio,Puerto Rico,72,063,Central
41980,"San Juan-Bayamón-Caguas, PR",Humacao Municipio,Puerto Rico,72,069,Central
41980,"San Juan-Bayamón-Caguas, PR",Juncos Municipio,Puerto Rico,72,077,Central
41980,"San Juan-Bayamón-Caguas, PR",Las Piedras Municipio,Puerto Rico,72,085,Central
41980,"San Juan-Bayamón-Caguas, PR",Loíza Municipio,Puerto Rico,72,087,Outlying
41980,"San Juan-Bayamón-Caguas, PR",Luquillo Municipio,Puerto Rico,72,089,Outlying
41980,"San Juan-Bayamón-Caguas, PR",Manatí Municipio,Puerto Rico,72,091,Central
41980,"San Juan-Bayamón-Caguas, PR",Maunabo Municipio,Puerto Rico,72,095,Central
41980,"San Juan-Bayamón-Caguas, PR",Morovis Municipio,Puerto Rico,72,101,Central
41980,"San Juan-Bayamón-Caguas, PR",Naguabo Municipio,Puerto Rico,72,103,Outlying
41980,"San Juan-Bayamón-Caguas, PR",Naranjito Municipio,Puerto Rico,72,105,Central
41980,"San Juan-Bayamón-Caguas, PR",Orocovis Municipio,Puerto Rico,72,107,Central
41980,"San Juan-Bayamón-Caguas, PR",Río Grande Municipio,Puerto Rico,72,119,Central
41980,"San Juan-Bayamón-Caguas, PR",San Juan Municipio,Puerto Rico,72,127,Central
41980,"San Juan-Bayamón-Caguas, PR",San Lorenzo Municipio,Puerto Rico,72,129,Central
41980,"San Juan-Bayamón-Caguas, PR",Toa Alta Municipio,Puerto Rico,72,135,Central
41980,"San Juan-Bayamón-Caguas, PR",Toa Baja Municipio,Puerto Rico,72,137,Central
41980,"San Juan-Bayamón-Caguas, PR",Trujillo Alto Municipio,Puerto Rico,72,139,Central
41980,"San Juan-Bayamón-Caguas, PR",Vega Alta Municipio,Puerto Rico,72,143,Central
41980,"San Juan-Bayamón-Caguas, PR",Vega Baja Municipio,Puerto Rico,72,145,Central
41980,"San Juan-Bayamón-Caguas, PR",Yabucoa Municipio,Puerto Rico,72,151,Central
42020,"San Luis Obispo-Paso Robles, CA",San Luis Obispo County,California,06,079,Central
42100,"Santa Cruz-Watsonville, CA",Santa Cruz County,California,06,087,Central
42140,"Santa Fe, NM",Santa Fe County,New Mexico,35,049,Central
42200,"Santa Maria-Santa Barbara, CA",Santa Barbara County,California,06,083,Central
42220,"Santa Rosa-Petaluma, CA",Sonoma County,California,06,097,Central
42340,"Savannah, GA",Bryan County,Georgia,13,029,Central
42340,"Savannah, GA",Chatham County,Georgia,13,051,Central
42340,"Savannah, GA",Effingham County,Georgia,13,103,Outlying
42540,"Scranton--Wilkes-Barre, PA",Lackawanna County,Pennsylvania,42,069,Central
42540,"Scranton--Wilkes-Barre, PA",Luzerne County,Pennsylvania,42,079,Central
42540,"Scranton--Wilkes-Barre, PA",Wyoming County,Pennsylvania,42,131,Outlying
42660,"Seattle-Tacoma-Bellevue, WA",Snohomish County,Washington,53,061,Central
42660,"Seattle-Tacoma-Bellevue, WA",King County,Washington,53,033,Central
42660,"Seattle-Tacoma-Bellevue, WA",Pierce County,Washington,53,053,Central
42680,"Sebastian-Vero Beach-West Vero Corridor, FL",Indian River County,Florida,12,061,Central
42700,"Sebring, FL",Highlands County,Florida,12,055,Central
43100,"Sheboygan, WI",Sheboygan County,Wisconsin,55,117,Central
43300,"Sherman-Denison, TX",Grayson County,Texas,48,181,Central
43340,"Shreveport-Bossier City, LA",Bossier Parish,Louisiana,22,015,Central
43340,"Shreveport-Bossier City, LA",Caddo Parish,Louisiana,22,017,Central
43340,"Shreveport-Bossier City, LA",De Soto Parish,Louisiana,22,031,Outlying
43420,"Sierra Vista-Douglas, AZ",Cochise County,Arizona,04,003,Central
43580,"Sioux City, IA-NE-SD",Woodbury County,Iowa,19,193,Central
43580,"Sioux City, IA-NE-SD",Dakota County,Nebraska,31,043,Central
43580,"Sioux City, IA-NE-SD",Union County,South Dakota,46,127,Central
43620,"Sioux Falls, SD-MN",Rock County,Minnesota,27,133,Outlying
43620,"Sioux Falls, SD-MN",Lincoln County,South Dakota,46,083,Central
43620,"Sioux Falls, SD-MN",McCook County,South Dakota,46,087,Outlying
43620,"Sioux Falls, SD-MN",Minnehaha County,South Dakota,46,099,Central
43620,"Sioux Falls, SD-MN",Turner County,South Dakota,46,125,Outlying
43640,"Slidell-Mandeville-Covington, LA",St. Tammany Parish,Louisiana,22,103,Central
43780,"South Bend-Mishawaka, IN-MI",St. Joseph County,Indiana,18,141,Central
43780,"South Bend-Mishawaka, IN-MI",Cass County,Michigan,26,027,Central
43900,"Spartanburg, SC",Spartanburg County,South Carolina,45,083,Central
43900,"Spartanburg, SC",Union County,South Carolina,45,087,Outlying
44060,"Spokane-Spokane Valley, WA",Spokane County,Washington,53,063,Central
44060,"Spokane-Spokane Valley, WA",Stevens County,Washington,53,065,Outlying
44100,"Springfield, IL",Menard County,Illinois,17,129,Outlying
44100,"Springfield, IL",Sangamon County,Illinois,17,167,Central
44140,"Springfield, MA",Hampden County,Massachusetts,25,013,Central
44180,"Springfield, MO",Christian County,Missouri,29,043,Central
44180,"Springfield, MO",Dallas County,Missouri,29,059,Outlying
44180,"Springfield, MO",Greene County,Missouri,29,077,Central
44180,"Springfield, MO",Polk County,Missouri,29,167,Outlying
44180,"Springfield, MO",Webster County,Missouri,29,225,Outlying
44220,"Springfield, OH",Clark County,Ohio,39,023,Central
44300,"State College, PA",Centre County,Pennsylvania,42,027,Central
44420,"Staunton-Stuarts Draft, VA",Augusta County,Virginia,51,015,Central
44420,"Staunton-Stuarts Draft, VA",Staunton city,Virginia,51,790,Central
44420,"Staunton-Stuarts Draft, VA",Waynesboro city,Virginia,51,820,Central
44700,"Stockton-Lodi, CA",San Joaquin County,California,06,077,Central
44940,"Sumter, SC",Sumter County,South Carolina,45,085,Central
45060,"Syracuse, NY",Madison County,New York,36,053,Outlying
45060,"Syracuse, NY",Onondaga County,New York,36,067,Central
45060,"Syracuse, NY",Oswego County,New York,36,075,Outlying
45220,"Tallahassee, FL",Gadsden County,Florida,12,039,Outlying
45220,"Tallahassee, FL",Jefferson County,Florida,12,065,Outlying
45220,"Tallahassee, FL",Leon County,Florida,12,073,Central
45220,"Tallahassee, FL",Wakulla County,Florida,12,129,Outlying
45300,"Tampa-St. Petersburg-Clearwater, FL",Pinellas County,Florida,12,103,Central
45300,"Tampa-St. Petersburg-Clearwater, FL",Hernando County,Florida,12,053,Outlying
45300,"Tampa-St. Petersburg-Clearwater, FL",Hillsborough County,Florida,12,057,Central
45300,"Tampa-St. Petersburg-Clearwater, FL",Pasco County,Florida,12,101,Central
45460,"Terre Haute, IN",Clay County,Indiana,18,021,Outlying
45460,"Terre Haute, IN",Sullivan County,Indiana,18,153,Outlying
45460,"Terre Haute, IN",Vermillion County,Indiana,18,165,Outlying
45460,"Terre Haute, IN",Vigo County,Indiana,18,167,Central
45500,"Texarkana, TX-AR",Little River County,Arkansas,05,081,Outlying
45500,"Texarkana, TX-AR",Miller County,Arkansas,05,091,Central
45500,"Texarkana, TX-AR",Bowie County,Texas,48,037,Central
45780,"Toledo, OH",Fulton County,Ohio,39,051,Outlying
45780,"Toledo, OH",Lucas County,Ohio,39,095,Central
45780,"Toledo, OH",Wood County,Ohio,39,173,Central
45820,"Topeka, KS",Jackson County,Kansas,20,085,Outlying
45820,"Topeka, KS",Jefferson County,Kansas,20,087,Outlying
45820,"Topeka, KS",Osage County,Kansas,20,139,Outlying
45820,"Topeka, KS",Shawnee County,Kansas,20,177,Central
45820,"Topeka, KS",Wabaunsee County,Kansas,20,197,Outlying
45900,"Traverse City, MI",Benzie County,Michigan,26,019,Outlying
45900,"Traverse City, MI",Grand Traverse County,Michigan,26,055,Central
45900,"Traverse City, MI",Kalkaska County,Michigan,26,079,Outlying
45900,"Traverse City, MI",Leelanau County,Michigan,26,089,Outlying
45940,"Trenton-Princeton, NJ",Mercer County,New Jersey,34,021,Central
46060,"Tucson, AZ",Pima County,Arizona,04,019,Central
46140,"Tulsa, OK",Creek County,Oklahoma,40,037,Central
46140,"Tulsa, OK",Okmulgee County,Oklahoma,40,111,Outlying
46140,"Tulsa, OK",Osage County,Oklahoma,40,113,Central
46140,"Tulsa, OK",Pawnee County,Oklahoma,40,117,Outlying
46140,"Tulsa, OK",Rogers County,Oklahoma,40,131,Outlying
46140,"Tulsa, OK",Tulsa County,Oklahoma,40,143,Central
46140,"Tulsa, OK",Wagoner County,Oklahoma,40,145,Central
46220,"Tuscaloosa, AL",Greene County,Alabama,01,063,Outlying
46220,"Tuscaloosa, AL",Hale County,Alabama,01,065,Outlying
46220,"Tuscaloosa, AL",Pickens County,Alabama,01,107,Outlying
46220,"Tuscaloosa, AL",Tuscaloosa County,Alabama,01,125,Central
46300,"Twin Falls, ID",Jerome County,Idaho,16,053,Outlying
46300,"Twin Falls, ID",Twin Falls County,Idaho,16,083,Central
46340,"Tyler, TX",Smith County,Texas,48,423,Central
46520,"Urban Honolulu, HI",Honolulu County,Hawaii,15,003,Central
46540,"Utica-Rome, NY",Herkimer County,New York,36,043,Outlying
46540,"Utica-Rome, NY",Oneida County,New York,36,065,Central
46660,"Valdosta, GA",Brooks County,Georgia,13,027,Outlying
46660,"Valdosta, GA",Echols County,Georgia,13,101,Outlying
46660,"Valdosta, GA",Lanier County,Georgia,13,173,Outlying
46660,"Valdosta, GA",Lowndes County,Georgia,13,185,Central
46700,"Vallejo, CA",Solano County,California,06,095,Central
47020,"Victoria, TX",Goliad County,Texas,48,175,Outlying
47020,"Victoria, TX",Victoria County,Texas,48,469,Central
47220,"Vineland, NJ",Cumberland County,New Jersey,34,011,Central
47260,"Virginia Beach-Chesapeake-Norfolk, VA-NC",Camden County,North Carolina,37,029,Outlying
47260,"Virginia Beach-Chesapeake-Norfolk, VA-NC",Currituck County,North Carolina,37,053,Outlying
47260,"Virginia Beach-Chesapeake-Norfolk, VA-NC",Gates County,North Carolina,37,073,Outlying
47260,"Virginia Beach-Chesapeake-Norfolk, VA-NC",Gloucester County,Virginia,51,073,Central
47260,"Virginia Beach-Chesapeake-Norfolk, VA-NC",Isle of Wight County,Virginia,51,093,Central
47260,"Virginia Beach-Chesapeake-Norfolk, VA-NC",James City County,Virginia,51,095,Outlying
47260,"Virginia Beach-Chesapeake-Norfolk, VA-NC",Mathews County,Virginia,51,115,Outlying
47260,"Virginia Beach-Chesapeake-Norfolk, VA-NC",Surry County,Virginia,51,181,Outlying
47260,"Virginia Beach-Chesapeake-Norfolk, VA-NC",York County,Virginia,51,199,Central
47260,"Virginia Beach-Chesapeake-Norfolk, VA-NC",Chesapeake city,Virginia,51,550,Central
47260,"Virginia Beach-Chesapeake-Norfolk, VA-NC",Hampton city,Virginia,51,650,Central
47260,"Virginia Beach-Chesapeake-Norfolk, VA-NC",Newport News city,Virginia,51,700,Central
47260,"Virginia Beach-Chesapeake-Norfolk, VA-NC",Norfolk city,Virginia,51,710,Central
47260,"Virginia Beach-Chesapeake-Norfolk, VA-NC",Poquoson city,Virginia,51,735,Central
47260,"Virginia Beach-Chesapeake-Norfolk, VA-NC",Portsmouth city,Virginia,51,740,Central
47260,"Virginia Beach-Chesapeake-Norfolk, VA-NC",Suffolk city,Virginia,51,800,Outlying
47260,"Virginia Beach-Chesapeake-Norfolk, VA-NC",Virginia Beach city,Virginia,51,810,Central
47260,"Virginia Beach-Chesapeake-Norfolk, VA-NC",Williamsburg city,Virginia,51,830,Outlying
47300,"Visalia, CA",Tulare County,California,06,107,Central
47380,"Waco, TX",Bosque County,Texas,48,035,Outlying
47380,"Waco, TX",Falls County,Texas,48,145,Outlying
47380,"Waco, TX",McLennan County,Texas,48,309,Central
47460,"Walla Walla, WA",Walla Walla County,Washington,53,071,Central
47580,"Warner Robins, GA",Houston County,Georgia,13,153,Central
47580,"Warner Robins, GA",Peach County,Georgia,13,225,Central
47900,"Washington-Arlington-Alexandria, DC-VA-MD-WV",Arlington County,Virginia,51,013,Central
47900,"Washington-Arlington-Alexandria, DC-VA-MD-WV",Clarke County,Virginia,51,043,Outlying
47900,"Washington-Arlington-Alexandria, DC-VA-MD-WV",Culpeper County,Virginia,51,047,Outlying
47900,"Washington-Arlington-Alexandria, DC-VA-MD-WV",Fairfax County,Virginia,51,059,Central
47900,"Washington-Arlington-Alexandria, DC-VA-MD-WV",Fauquier County,Virginia,51,061,Outlying
47900,"Washington-Arlington-Alexandria, DC-VA-MD-WV",Loudoun County,Virginia,51,107,Central
47900,"Washington-Arlington-Alexandria, DC-VA-MD-WV",Prince William County,Virginia,51,153,Central
47900,"Washington-Arlington-Alexandria, DC-VA-MD-WV",Rappahannock County,Virginia,51,157,Outlying
47900,"Washington-Arlington-Alexandria, DC-VA-MD-WV",Spotsylvania County,Virginia,51,177,Outlying
47900,"Washington-Arlington-Alexandria, DC-VA-MD-WV",Stafford County,Virginia,51,179,Central
47900,"Washington-Arlington-Alexandria, DC-VA-MD-WV",Warren County,Virginia,51,187,Outlying
47900,"Washington-Arlington-Alexandria, DC-VA-MD-WV",Alexandria city,Virginia,51,510,Central
47900,"Washington-Arlington-Alexandria, DC-VA-MD-WV",Fairfax city,Virginia,51,600,Central
47900,"Washington-Arlington-Alexandria, DC-VA-MD-WV",Falls Church city,Virginia,51,610,Central
47900,"Washington-Arlington-Alexandria, DC-VA-MD-WV",Fredericksburg city,Virginia,51,630,Outlying
47900,"Washington-Arlington-Alexandria, DC-VA-MD-WV",Manassas city,Virginia,51,683,Central
47900,"Washington-Arlington-Alexandria, DC-VA-MD-WV",Manassas Park city,Virginia,51,685,Central
47900,"Washington-Arlington-Alexandria, DC-VA-MD-WV",Jefferson County,West Virginia,54,037,Outlying
47900,"Washington-Arlington-Alexandria, DC-VA-MD-WV",Frederick County,Maryland,24,021,Outlying
47900,"Washington-Arlington-Alexandria, DC-VA-MD-WV",Montgomery County,Maryland,24,031,Central
47900,"Washington-Arlington-Alexandria, DC-VA-MD-WV",District of Columbia,District of Columbia,11,001,Central
47900,"Washington-Arlington-Alexandria, DC-VA-MD-WV",Charles County,Maryland,24,017,Outlying
47900,"Washington-Arlington-Alexandria, DC-VA-MD-WV",Prince George's County,Maryland,24,033,Central
47930,"Waterbury-Shelton, CT",Naugatuck Valley Planning Region,Connecticut,09,140,Central
47940,"Waterloo-Cedar Falls, IA",Black Hawk County,Iowa,19,013,Central
47940,"Waterloo-Cedar Falls, IA",Bremer County,Iowa,19,017,Outlying
47940,"Waterloo-Cedar Falls, IA",Grundy County,Iowa,19,075,Outlying
48060,"Watertown-Fort Drum, NY",Jefferson County,New York,36,045,Central
48140,"Wausau, WI",Marathon County,Wisconsin,55,073,Central
48260,"Weirton-Steubenville, WV-OH",Jefferson County,Ohio,39,081,Central
48260,"Weirton-Steubenville, WV-OH",Brooke County,West Virginia,54,009,Central
48260,"Weirton-Steubenville, WV-OH",Hancock County,West Virginia,54,029,Central
48300,"Wenatchee-East Wenatchee, WA",Chelan County,Washington,53,007,Central
48300,"Wenatchee-East Wenatchee, WA",Douglas County,Washington,53,017,Central
48540,"Wheeling, WV-OH",Belmont County,Ohio,39,013,Central
48540,"Wheeling, WV-OH",Marshall County,West Virginia,54,051,Outlying
48540,"Wheeling, WV-OH",Ohio County,West Virginia,54,069,Central
48620,"Wichita, KS",Butler County,Kansas,20,015,Central
48620,"Wichita, KS",Harvey County,Kansas,20,079,Outlying
48620,"Wichita, KS",Sedgwick County,Kansas,20,173,Central
48620,"Wichita, KS",Sumner County,Kansas,20,191,Outlying
48660,"Wichita Falls, TX",Archer County,Texas,48,009,Outlying
48660,"Wichita Falls, TX",Clay County,Texas,48,077,Outlying
48660,"Wichita Falls, TX",Wichita County,Texas,48,485,Central
48680,"Wildwood-The Villages, FL",Sumter County,Florida,12,119,Central
48700,"Williamsport, PA",Lycoming County,Pennsylvania,42,081,Central
48900,"Wilmington, NC",Brunswick County,North Carolina,37,019,Central
48900,"Wilmington, NC",New Hanover County,North Carolina,37,129,Central
48900,"Wilmington, NC",Pender County,North Carolina,37,141,Outlying
49020,"Winchester, VA-WV",Frederick County,Virginia,51,069,Central
49020,"Winchester, VA-WV",Winchester city,Virginia,51,840,Central
49020,"Winchester, VA-WV",Hampshire County,West Virginia,54,027,Outlying
49180,"Winston-Salem, NC",Davidson County,North Carolina,37,057,Central
49180,"Winston-Salem, NC",Davie County,North Carolina,37,059,Central
49180,"Winston-Salem, NC",Forsyth County,North Carolina,37,067,Central
49180,"Winston-Salem, NC",Stokes County,North Carolina,37,169,Central
49180,"Winston-Salem, NC",Yadkin County,North Carolina,37,197,Outlying
49340,"Worcester, MA",Worcester County,Massachusetts,25,027,Central
49420,"Yakima, WA",Yakima County,Washington,53,077,Central
49620,"York-Hanover, PA",York County,Pennsylvania,42,133,Central
49660,"Youngstown-Warren, OH",Mahoning County,Ohio,39,099,Central
49660,"Youngstown-Warren, OH",Trumbull County,Ohio,39,155,Central
49700,"Yuba City, CA",Sutter County,California,06,101,Central
49700,"Yuba City, CA",Yuba County,California,06,115,Central
49740,"Yuma, AZ",Yuma County,Arizona,04,027,Central
